6;0;1;2;3;4;5;6;7;8;9
 ;001-102  I-XXII.Todas las causas;00A COVID-19. Virus identificado;00B COVID-19. Virus no identificado (sospechoso);062-067  X.Enfermedades del sistema respiratorio;062  Influenza (gripe) (incluye gripe aviar y gripe A);063  Neumonía;064  Enfermedades crónicas de las vías respiratorias inferiores (excepto asma);065  Asma;066  Insuficiencia respiratoria;067  Otras enfermedades del sistema respiratorio
2020M12;41645.0;6185.0;127.0;2929.0;3.0;569.0;879.0;67.0;166.0;1245.0
2020M11;42264.0;9891.0;198.0;2687.0;0.0;509.0;834.0;60.0;127.0;1157.0
2020M10;39720.0;5905.0;182.0;2775.0;0.0;601.0;777.0;73.0;149.0;1175.0
2020M09;34568.0;3455.0;182.0;2585.0;0.0;528.0;765.0;63.0;123.0;1106.0
2020M08;36038.0;1281.0;223.0;2969.0;1.0;612.0;865.0;55.0;147.0;1289.0
2020M07;34768.0;329.0;219.0;2838.0;3.0;550.0;785.0;46.0;162.0;1292.0
2020M06;30755.0;528.0;146.0;2342.0;1.0;445.0;705.0;46.0;118.0;1027.0
2020M05;35073.0;3219.0;751.0;2463.0;1.0;534.0;716.0;52.0;119.0;1041.0
2020M04;61025.0;18252.0;8236.0;3580.0;23.0;721.0;1023.0;98.0;198.0;1517.0
2020M03;58204.0;11313.0;4217.0;6115.0;188.0;1323.0;1670.0;161.0;323.0;2450.0
2020M02;36623.0;0.0;0.0;5028.0;362.0;1068.0;1257.0;91.0;191.0;2059.0
2020M01;43093.0;0.0;0.0;6112.0;312.0;1308.0;1510.0;136.0;216.0;2630.0
2019M12;36739.0;0.0;0.0;4285.0;27.0;865.0;1159.0;98.0;215.0;1921.0
2019M11;34706.0;0.0;0.0;3552.0;6.0;711.0;954.0;74.0;156.0;1651.0
2019M10;32770.0;0.0;0.0;3077.0;3.0;611.0;810.0;52.0;181.0;1420.0
2019M09;29916.0;0.0;0.0;2649.0;2.0;518.0;713.0;62.0;155.0;1199.0
2019M08;31671.0;0.0;0.0;2697.0;0.0;509.0;755.0;63.0;150.0;1220.0
2019M07;33551.0;0.0;0.0;3200.0;0.0;591.0;911.0;63.0;154.0;1481.0
2019M06;31873.0;0.0;0.0;3184.0;3.0;613.0;968.0;55.0;150.0;1395.0
2019M05;33866.0;0.0;0.0;3675.0;17.0;706.0;1058.0;81.0;181.0;1632.0
2019M04;34201.0;0.0;0.0;3901.0;59.0;762.0;1122.0;87.0;153.0;1718.0
2019M03;37058.0;0.0;0.0;4812.0;290.0;986.0;1256.0;102.0;215.0;1963.0
2019M02;37737.0;0.0;0.0;5878.0;634.0;1168.0;1418.0;126.0;210.0;2322.0
2019M01;44615.0;0.0;0.0;6771.0;418.0;1344.0;1691.0;130.0;251.0;2937.0
2018M12;37033.0;0.0;0.0;4418.0;22.0;853.0;1148.0;82.0;195.0;2118.0
2018M11;34338.0;0.0;0.0;3720.0;7.0;724.0;956.0;72.0;174.0;1787.0
2018M10;32879.0;0.0;0.0;3255.0;1.0;633.0;869.0;55.0;144.0;1553.0
2018M09;30293.0;0.0;0.0;2888.0;1.0;517.0;789.0;58.0;126.0;1397.0
2018M08;33177.0;0.0;0.0;3247.0;1.0;558.0;860.0;70.0;149.0;1609.0
2018M07;32215.0;0.0;0.0;3152.0;1.0;583.0;867.0;59.0;167.0;1475.0
2018M06;31970.0;0.0;0.0;3363.0;4.0;590.0;906.0;64.0;166.0;1633.0
2018M05;33421.0;0.0;0.0;3778.0;10.0;761.0;982.0;91.0;145.0;1789.0
2018M04;34956.0;0.0;0.0;4569.0;57.0;907.0;1131.0;99.0;210.0;2165.0
2018M03;39772.0;0.0;0.0;5738.0;255.0;1176.0;1433.0;133.0;204.0;2537.0
2018M02;39756.0;0.0;0.0;6455.0;513.0;1316.0;1586.0;144.0;205.0;2691.0
2018M01;47911.0;0.0;0.0;9104.0;980.0;1797.0;1969.0;184.0;263.0;3911.0
2017M12;41665.0;0.0;0.0;5794.0;133.0;1189.0;1556.0;131.0;218.0;2567.0
2017M11;34149.0;0.0;0.0;3630.0;5.0;734.0;1023.0;64.0;129.0;1675.0
2017M10;32680.0;0.0;0.0;3404.0;1.0;716.0;952.0;75.0;131.0;1529.0
2017M09;30049.0;0.0;0.0;2812.0;0.0;507.0;848.0;60.0;126.0;1271.0
2017M08;32356.0;0.0;0.0;3216.0;0.0;626.0;913.0;58.0;133.0;1486.0
2017M07;31924.0;0.0;0.0;2987.0;2.0;578.0;898.0;61.0;144.0;1304.0
2017M06;32236.0;0.0;0.0;3363.0;2.0;602.0;985.0;61.0;142.0;1571.0
2017M05;33673.0;0.0;0.0;3727.0;2.0;652.0;1118.0;88.0;151.0;1716.0
2017M04;33208.0;0.0;0.0;3810.0;7.0;756.0;1133.0;79.0;149.0;1686.0
2017M03;35779.0;0.0;0.0;4331.0;53.0;842.0;1233.0;99.0;205.0;1899.0
2017M02;37434.0;0.0;0.0;5555.0;226.0;1172.0;1494.0;137.0;202.0;2324.0
2017M01;49370.0;0.0;0.0;8986.0;744.0;1848.0;2215.0;205.0;295.0;3679.0
2016M12;39188.0;0.0;0.0;5080.0;96.0;1035.0;1463.0;116.0;200.0;2170.0
2016M11;33759.0;0.0;0.0;3663.0;10.0;719.0;1127.0;67.0;171.0;1569.0
2016M10;32060.0;0.0;0.0;3275.0;1.0;624.0;956.0;60.0;164.0;1470.0
2016M09;30095.0;0.0;0.0;2801.0;1.0;534.0;854.0;40.0;134.0;1238.0
2016M08;32248.0;0.0;0.0;3175.0;2.0;574.0;955.0;57.0;158.0;1429.0
2016M07;32961.0;0.0;0.0;3379.0;2.0;632.0;1025.0;78.0;162.0;1480.0
2016M06;31512.0;0.0;0.0;3218.0;3.0;570.0;988.0;70.0;145.0;1442.0
2016M05;33001.0;0.0;0.0;3412.0;19.0;659.0;1043.0;65.0;146.0;1480.0
2016M04;33707.0;0.0;0.0;4090.0;128.0;837.0;1228.0;100.0;177.0;1620.0
2016M03;38198.0;0.0;0.0;5102.0;225.0;1007.0;1544.0;135.0;195.0;1996.0
2016M02;35548.0;0.0;0.0;4570.0;130.0;938.0;1306.0;127.0;194.0;1875.0
2016M01;38334.0;0.0;0.0;5047.0;30.0;1031.0;1538.0;129.0;228.0;2091.0
2015M12;36423.0;0.0;0.0;4191.0;5.0;832.0;1315.0;96.0;165.0;1778.0
2015M11;32346.0;0.0;0.0;3360.0;2.0;664.0;965.0;66.0;171.0;1492.0
2015M10;31898.0;0.0;0.0;3235.0;0.0;598.0;989.0;78.0;145.0;1425.0
2015M09;28863.0;0.0;0.0;2633.0;0.0;489.0;791.0;56.0;143.0;1154.0
2015M08;31220.0;0.0;0.0;2958.0;1.0;535.0;958.0;66.0;125.0;1273.0
2015M07;35628.0;0.0;0.0;3872.0;0.0;675.0;1118.0;74.0;191.0;1814.0
2015M06;31078.0;0.0;0.0;3244.0;2.0;619.0;1032.0;59.0;152.0;1380.0
2015M05;32706.0;0.0;0.0;3632.0;1.0;693.0;1157.0;69.0;145.0;1567.0
2015M04;33686.0;0.0;0.0;4164.0;17.0;816.0;1277.0;93.0;177.0;1784.0
2015M03;38987.0;0.0;0.0;5609.0;100.0;1184.0;1722.0;119.0;225.0;2259.0
2015M02;42464.0;0.0;0.0;7242.0;239.0;1552.0;2024.0;181.0;269.0;2977.0
2015M01;47269.0;0.0;0.0;7708.0;120.0;1552.0;2282.0;177.0;321.0;3256.0
2014M12;36468.0;0.0;0.0;4129.0;6.0;757.0;1335.0;107.0;197.0;1727.0
2014M11;32466.0;0.0;0.0;3308.0;3.0;665.0;1089.0;61.0;172.0;1318.0
2014M10;32011.0;0.0;0.0;3168.0;2.0;628.0;1033.0;70.0;139.0;1296.0
2014M09;29087.0;0.0;0.0;2688.0;1.0;495.0;886.0;57.0;125.0;1124.0
2014M08;30335.0;0.0;0.0;2868.0;2.0;494.0;979.0;68.0;155.0;1170.0
2014M07;30999.0;0.0;0.0;2945.0;2.0;543.0;959.0;73.0;143.0;1225.0
2014M06;30655.0;0.0;0.0;3118.0;1.0;562.0;1089.0;62.0;127.0;1277.0
2014M05;31540.0;0.0;0.0;3207.0;5.0;601.0;1113.0;68.0;154.0;1266.0
2014M04;31894.0;0.0;0.0;3573.0;21.0;713.0;1223.0;68.0;145.0;1403.0
2014M03;35179.0;0.0;0.0;4195.0;56.0;807.0;1416.0;72.0;182.0;1662.0
2014M02;34834.0;0.0;0.0;4751.0;174.0;924.0;1557.0;109.0;219.0;1768.0
2014M01;40362.0;0.0;0.0;5891.0;159.0;1256.0;1931.0;121.0;266.0;2158.0
2013M12;37032.0;0.0;0.0;4282.0;4.0;866.0;1413.0;89.0;224.0;1686.0
2013M11;32092.0;0.0;0.0;3323.0;3.0;655.0;1095.0;67.0;180.0;1323.0
2013M10;30578.0;0.0;0.0;2959.0;4.0;583.0;1001.0;67.0;148.0;1156.0
2013M09;28249.0;0.0;0.0;2568.0;0.0;477.0;897.0;43.0;132.0;1019.0
2013M08;29931.0;0.0;0.0;2771.0;2.0;506.0;901.0;70.0;144.0;1148.0
2013M07;32046.0;0.0;0.0;3248.0;0.0;648.0;1031.0;79.0;146.0;1344.0
2013M06;30289.0;0.0;0.0;3017.0;1.0;548.0;1091.0;66.0;161.0;1150.0
2013M05;31322.0;0.0;0.0;3208.0;5.0;657.0;1128.0;63.0;158.0;1197.0
2013M04;31499.0;0.0;0.0;3513.0;15.0;705.0;1167.0;92.0;183.0;1351.0
2013M03;36332.0;0.0;0.0;4571.0;43.0;868.0;1605.0;103.0;215.0;1737.0
2013M02;33996.0;0.0;0.0;4391.0;26.0;874.0;1478.0;107.0;195.0;1711.0
2013M01;37053.0;0.0;0.0;4714.0;8.0;946.0;1627.0;107.0;226.0;1800.0
2012M12;34791.0;0.0;0.0;3951.0;4.0;834.0;1325.0;86.0;184.0;1518.0
2012M11;31804.0;0.0;0.0;3242.0;3.0;654.0;1084.0;60.0;151.0;1290.0
2012M10;30323.0;0.0;0.0;2993.0;3.0;550.0;1023.0;63.0;160.0;1194.0
2012M09;28116.0;0.0;0.0;2472.0;0.0;454.0;843.0;50.0;138.0;987.0
2012M08;30683.0;0.0;0.0;2901.0;0.0;502.0;954.0;51.0;183.0;1211.0
2012M07;29599.0;0.0;0.0;2797.0;1.0;491.0;919.0;66.0;163.0;1157.0
2012M06;29362.0;0.0;0.0;2955.0;4.0;547.0;1061.0;59.0;166.0;1118.0
2012M05;32297.0;0.0;0.0;3700.0;1.0;730.0;1303.0;78.0;194.0;1394.0
2012M04;32940.0;0.0;0.0;3862.0;7.0;734.0;1405.0;87.0;187.0;1442.0
2012M03;39292.0;0.0;0.0;5815.0;62.0;1230.0;1924.0;113.0;268.0;2218.0
2012M02;43738.0;0.0;0.0;6989.0;92.0;1468.0;2279.0;129.0;335.0;2686.0
2012M01;40005.0;0.0;0.0;5659.0;28.0;1095.0;1874.0;128.0;307.0;2227.0
2011M12;36106.0;0.0;0.0;4120.0;6.0;781.0;1413.0;106.0;229.0;1585.0
2011M11;31907.0;0.0;0.0;3392.0;0.0;657.0;1128.0;58.0;180.0;1369.0
2011M10;31605.0;0.0;0.0;3118.0;2.0;605.0;1092.0;76.0;146.0;1197.0
2011M09;28546.0;0.0;0.0;2691.0;1.0;507.0;957.0;51.0;161.0;1014.0
2011M08;30625.0;0.0;0.0;2951.0;2.0;542.0;1029.0;72.0;153.0;1153.0
2011M07;30349.0;0.0;0.0;2885.0;1.0;518.0;1044.0;62.0;194.0;1066.0
2011M06;29786.0;0.0;0.0;2974.0;1.0;537.0;1054.0;68.0;181.0;1133.0
2011M05;31119.0;0.0;0.0;3132.0;3.0;592.0;1123.0;73.0;196.0;1145.0
2011M04;31021.0;0.0;0.0;3517.0;7.0;672.0;1289.0;75.0;193.0;1281.0
2011M03;34656.0;0.0;0.0;4026.0;25.0;846.0;1496.0;87.0;217.0;1355.0
2011M02;33978.0;0.0;0.0;4311.0;74.0;850.0;1534.0;105.0;234.0;1514.0
2011M01;38213.0;0.0;0.0;5126.0;92.0;1060.0;1793.0;119.0;271.0;1791.0
2010M12;35062.0;0.0;0.0;3931.0;10.0;733.0;1431.0;81.0;209.0;1467.0
2010M11;31841.0;0.0;0.0;3347.0;2.0;665.0;1190.0;87.0;163.0;1240.0
2010M10;31122.0;0.0;0.0;3033.0;1.0;549.0;1089.0;66.0;195.0;1133.0
2010M09;27789.0;0.0;0.0;2623.0;1.0;502.0;916.0;55.0;165.0;984.0
2010M08;29735.0;0.0;0.0;2961.0;0.0;558.0;1062.0;83.0;150.0;1108.0
2010M07;31574.0;0.0;0.0;3157.0;1.0;571.0;1122.0;89.0;169.0;1205.0
2010M06;29198.0;0.0;0.0;2985.0;1.0;589.0;1109.0;77.0;207.0;1002.0
2010M05;31300.0;0.0;0.0;3141.0;2.0;530.0;1193.0;87.0;177.0;1152.0
2010M04;31352.0;0.0;0.0;3326.0;1.0;624.0;1204.0;71.0;190.0;1236.0
2010M03;33624.0;0.0;0.0;3707.0;2.0;652.0;1416.0;105.0;201.0;1331.0
2010M02;32564.0;0.0;0.0;3659.0;4.0;695.0;1390.0;91.0;204.0;1275.0
2010M01;36886.0;0.0;0.0;4396.0;32.0;857.0;1542.0;120.0;254.0;1591.0
2009M12;35538.0;0.0;0.0;4133.0;88.0;836.0;1484.0;118.0;227.0;1380.0
2009M11;30940.0;0.0;0.0;3369.0;89.0;640.0;1170.0;80.0;182.0;1208.0
2009M10;30764.0;0.0;0.0;3039.0;27.0;549.0;1119.0;76.0;174.0;1094.0
2009M09;27716.0;0.0;0.0;2476.0;10.0;446.0;904.0;62.0;134.0;920.0
2009M08;30224.0;0.0;0.0;2921.0;11.0;547.0;1056.0;57.0;183.0;1067.0
2009M07;29872.0;0.0;0.0;2846.0;5.0;484.0;1077.0;65.0;177.0;1038.0
2009M06;29381.0;0.0;0.0;2922.0;0.0;566.0;1030.0;63.0;187.0;1076.0
2009M05;31297.0;0.0;0.0;3320.0;1.0;663.0;1160.0;78.0;214.0;1204.0
2009M04;31139.0;0.0;0.0;3626.0;1.0;718.0;1310.0;82.0;224.0;1291.0
2009M03;33445.0;0.0;0.0;3855.0;1.0;823.0;1308.0;90.0;252.0;1381.0
2009M02;32614.0;0.0;0.0;4136.0;9.0;876.0;1347.0;89.0;305.0;1510.0
2009M01;42003.0;0.0;0.0;6639.0;46.0;1456.0;2010.0;111.0;487.0;2529.0
2008M12;37107.0;0.0;0.0;4671.0;12.0;1003.0;1491.0;64.0;367.0;1734.0
2008M11;31726.0;0.0;0.0;3364.0;4.0;706.0;1042.0;69.0;265.0;1278.0
2008M10;31081.0;0.0;0.0;3197.0;3.0;688.0;1006.0;58.0;238.0;1204.0
2008M09;27176.0;0.0;0.0;2618.0;1.0;525.0;817.0;38.0;239.0;998.0
2008M08;29740.0;0.0;0.0;2939.0;0.0;587.0;883.0;50.0;250.0;1169.0
2008M07;30375.0;0.0;0.0;3057.0;1.0;621.0;958.0;38.0;265.0;1174.0
2008M06;29716.0;0.0;0.0;3013.0;2.0;623.0;957.0;49.0;228.0;1154.0
2008M05;30099.0;0.0;0.0;3263.0;1.0;685.0;1059.0;61.0;251.0;1206.0
2008M04;31983.0;0.0;0.0;3626.0;8.0;787.0;1180.0;77.0;273.0;1301.0
2008M03;34582.0;0.0;0.0;4402.0;6.0;887.0;1411.0;90.0;332.0;1676.0
2008M02;34306.0;0.0;0.0;4495.0;17.0;889.0;1524.0;80.0;332.0;1653.0
2008M01;38433.0;0.0;0.0;5555.0;26.0;1190.0;1758.0;115.0;436.0;2030.0
2007M12;36058.0;0.0;0.0;4389.0;12.0;880.0;1455.0;78.0;354.0;1610.0
2007M11;32723.0;0.0;0.0;3804.0;6.0;752.0;1273.0;55.0;316.0;1402.0
2007M10;30733.0;0.0;0.0;3085.0;2.0;602.0;1044.0;45.0;248.0;1144.0
2007M09;27767.0;0.0;0.0;2536.0;0.0;477.0;841.0;55.0;209.0;954.0
2007M08;29343.0;0.0;0.0;2796.0;2.0;575.0;892.0;43.0;229.0;1055.0
2007M07;29954.0;0.0;0.0;2955.0;0.0;545.0;978.0;48.0;260.0;1124.0
2007M06;29081.0;0.0;0.0;2977.0;0.0;547.0;1006.0;54.0;279.0;1091.0
2007M05;30857.0;0.0;0.0;3305.0;2.0;628.0;1106.0;56.0;290.0;1223.0
2007M04;31920.0;0.0;0.0;3711.0;3.0;705.0;1264.0;75.0;283.0;1381.0
2007M03;34049.0;0.0;0.0;4108.0;6.0;785.0;1504.0;88.0;344.0;1381.0
2007M02;34226.0;0.0;0.0;4939.0;25.0;978.0;1688.0;118.0;379.0;1751.0
2007M01;38650.0;0.0;0.0;5424.0;13.0;1107.0;1809.0;124.0;454.0;1917.0
2006M12;34511.0;0.0;0.0;3980.0;5.0;839.0;1277.0;87.0;345.0;1427.0
2006M11;29811.0;0.0;0.0;2997.0;2.0;633.0;988.0;75.0;225.0;1074.0
2006M10;29548.0;0.0;0.0;2885.0;3.0;606.0;971.0;29.0;249.0;1027.0
2006M09;28006.0;0.0;0.0;2651.0;0.0;516.0;910.0;46.0;205.0;974.0
2006M08;28966.0;0.0;0.0;2761.0;0.0;525.0;914.0;40.0;241.0;1041.0
2006M07;31603.0;0.0;0.0;3121.0;2.0;627.0;1009.0;46.0;257.0;1180.0
2006M06;28618.0;0.0;0.0;2793.0;0.0;530.0;1010.0;37.0;214.0;1002.0
2006M05;29966.0;0.0;0.0;3072.0;1.0;593.0;1095.0;57.0;213.0;1113.0
2006M04;29716.0;0.0;0.0;3273.0;2.0;613.0;1177.0;65.0;233.0;1183.0
2006M03;33895.0;0.0;0.0;4053.0;6.0;784.0;1407.0;94.0;321.0;1441.0
2006M02;31464.0;0.0;0.0;3637.0;11.0;688.0;1334.0;69.0;276.0;1259.0
2006M01;35374.0;0.0;0.0;4287.0;16.0;861.0;1514.0;84.0;301.0;1511.0
2005M12;33981.0;0.0;0.0;3815.0;3.0;764.0;1349.0;58.0;298.0;1343.0
2005M11;29657.0;0.0;0.0;2891.0;6.0;604.0;988.0;60.0;225.0;1008.0
2005M10;29144.0;0.0;0.0;2825.0;3.0;567.0;960.0;48.0;219.0;1028.0
2005M09;26456.0;0.0;0.0;2257.0;4.0;422.0;817.0;44.0;181.0;789.0
2005M08;27687.0;0.0;0.0;2474.0;0.0;496.0;817.0;58.0;215.0;888.0
2005M07;28647.0;0.0;0.0;2698.0;1.0;495.0;925.0;39.0;219.0;1019.0
2005M06;28559.0;0.0;0.0;2789.0;1.0;558.0;989.0;55.0;186.0;1000.0
2005M05;29837.0;0.0;0.0;3178.0;2.0;596.0;1183.0;58.0;203.0;1136.0
2005M04;30311.0;0.0;0.0;3604.0;3.0;701.0;1312.0;88.0;234.0;1266.0
2005M03;37528.0;0.0;0.0;5416.0;45.0;1107.0;1960.0;109.0;403.0;1792.0
2005M02;37467.0;0.0;0.0;5962.0;103.0;1220.0;2200.0;139.0;389.0;1911.0
2005M01;48081.0;0.0;0.0;9180.0;372.0;1780.0;3155.0;206.0;565.0;3102.0
2004M12;35744.0;0.0;0.0;4382.0;17.0;832.0;1573.0;101.0;296.0;1563.0
2004M11;30941.0;0.0;0.0;2880.0;2.0;546.0;1076.0;54.0;214.0;988.0
2004M10;29896.0;0.0;0.0;2832.0;5.0;542.0;1019.0;64.0;188.0;1014.0
2004M09;26830.0;0.0;0.0;2270.0;2.0;436.0;785.0;46.0;178.0;823.0
2004M08;28895.0;0.0;0.0;2608.0;2.0;510.0;877.0;43.0;224.0;952.0
2004M07;29360.0;0.0;0.0;2692.0;1.0;504.0;1027.0;53.0;205.0;902.0
2004M06;28163.0;0.0;0.0;2723.0;4.0;484.0;1017.0;64.0;184.0;970.0
2004M05;30218.0;0.0;0.0;2965.0;5.0;557.0;1135.0;73.0;192.0;1003.0
2004M04;30515.0;0.0;0.0;3387.0;2.0;628.0;1348.0;61.0;220.0;1128.0
2004M03;33655.0;0.0;0.0;3796.0;9.0;674.0;1464.0;92.0;295.0;1262.0
2004M02;31233.0;0.0;0.0;3608.0;10.0;650.0;1481.0;90.0;243.0;1134.0
2004M01;36484.0;0.0;0.0;5006.0;28.0;993.0;1848.0;126.0;338.0;1673.0
2003M12;36161.0;0.0;0.0;4788.0;57.0;872.0;1801.0;89.0;310.0;1659.0
2003M11;32370.0;0.0;0.0;3983.0;31.0;760.0;1477.0;95.0;283.0;1337.0
2003M10;29859.0;0.0;0.0;3044.0;14.0;584.0;1103.0;62.0;232.0;1049.0
2003M09;27569.0;0.0;0.0;2672.0;0.0;514.0;910.0;54.0;210.0;984.0
2003M08;34729.0;0.0;0.0;3975.0;2.0;837.0;1254.0;62.0;292.0;1528.0
2003M07;31288.0;0.0;0.0;3162.0;1.0;605.0;1118.0;56.0;219.0;1163.0
2003M06;31816.0;0.0;0.0;3442.0;1.0;627.0;1264.0;69.0;261.0;1220.0
2003M05;30332.0;0.0;0.0;3208.0;1.0;576.0;1235.0;76.0;231.0;1089.0
2003M04;30596.0;0.0;0.0;3425.0;4.0;654.0;1303.0;68.0;214.0;1182.0
2003M03;32431.0;0.0;0.0;3769.0;15.0;656.0;1476.0;73.0;274.0;1275.0
2003M02;31863.0;0.0;0.0;3812.0;25.0;685.0;1503.0;92.0;269.0;1238.0
2003M01;35814.0;0.0;0.0;4523.0;31.0;806.0;1743.0;98.0;321.0;1524.0
2002M12;32988.0;0.0;0.0;3648.0;16.0;717.0;1373.0;78.0;264.0;1200.0
2002M11;29275.0;0.0;0.0;2935.0;7.0;570.0;1076.0;63.0;188.0;1031.0
2002M10;29112.0;0.0;0.0;2693.0;4.0;530.0;1042.0;45.0;158.0;914.0
2002M09;26486.0;0.0;0.0;2354.0;0.0;445.0;820.0;38.0;182.0;869.0
2002M08;27270.0;0.0;0.0;2496.0;0.0;478.0;901.0;48.0;184.0;885.0
2002M07;28793.0;0.0;0.0;2639.0;5.0;481.0;945.0;61.0;205.0;942.0
2002M06;28851.0;0.0;0.0;2908.0;2.0;552.0;1143.0;71.0;208.0;932.0
2002M05;29044.0;0.0;0.0;3026.0;1.0;555.0;1191.0;63.0;206.0;1010.0
2002M04;30379.0;0.0;0.0;3307.0;5.0;616.0;1360.0;70.0;187.0;1069.0
2002M03;33129.0;0.0;0.0;4236.0;33.0;786.0;1696.0;105.0;281.0;1335.0
2002M02;33242.0;0.0;0.0;4872.0;85.0;925.0;1964.0;118.0;292.0;1488.0
2002M01;40049.0;0.0;0.0;6313.0;179.0;1217.0;2436.0;134.0;347.0;2000.0
2001M12;35122.0;0.0;0.0;4022.0;9.0;735.0;1529.0;86.0;284.0;1379.0
2001M11;30211.0;0.0;0.0;2992.0;10.0;575.0;1170.0;53.0;208.0;976.0
2001M10;28770.0;0.0;0.0;2874.0;5.0;559.0;1088.0;64.0;188.0;970.0
2001M09;26314.0;0.0;0.0;2459.0;1.0;439.0;976.0;49.0;162.0;832.0
2001M08;29887.0;0.0;0.0;2892.0;1.0;561.0;1029.0;49.0;226.0;1026.0
2001M07;29056.0;0.0;0.0;2797.0;0.0;537.0;1046.0;45.0;223.0;946.0
2001M06;28599.0;0.0;0.0;3014.0;3.0;635.0;1159.0;59.0;185.0;973.0
2001M05;30478.0;0.0;0.0;3102.0;4.0;546.0;1261.0;59.0;220.0;1012.0
2001M04;28799.0;0.0;0.0;3013.0;4.0;579.0;1183.0;59.0;198.0;990.0
2001M03;31221.0;0.0;0.0;3368.0;23.0;626.0;1334.0;80.0;231.0;1074.0
2001M02;29053.0;0.0;0.0;3224.0;10.0;635.0;1274.0;72.0;207.0;1026.0
2001M01;32621.0;0.0;0.0;3605.0;10.0;665.0;1402.0;94.0;250.0;1184.0
2000M12;30663.0;0.0;0.0;3241.0;13.0;592.0;1316.0;57.0;308.0;955.0
2000M11;29113.0;0.0;0.0;2869.0;16.0;558.0;1059.0;57.0;286.0;893.0
2000M10;28793.0;0.0;0.0;2783.0;18.0;516.0;1057.0;49.0;279.0;864.0
2000M09;25686.0;0.0;0.0;2337.0;2.0;435.0;885.0;39.0;237.0;739.0
2000M08;27875.0;0.0;0.0;2614.0;1.0;500.0;974.0;47.0;247.0;845.0
2000M07;27960.0;0.0;0.0;2606.0;5.0;475.0;983.0;45.0;266.0;832.0
2000M06;27470.0;0.0;0.0;2649.0;4.0;467.0;1005.0;59.0;278.0;836.0
2000M05;28493.0;0.0;0.0;2901.0;7.0;547.0;1122.0;58.0;288.0;879.0
2000M04;29357.0;0.0;0.0;3176.0;15.0;576.0;1308.0;62.0;282.0;933.0
2000M03;30212.0;0.0;0.0;3518.0;25.0;618.0;1433.0;78.0;328.0;1036.0
2000M02;32201.0;0.0;0.0;4695.0;163.0;913.0;1844.0;112.0;390.0;1273.0
2000M01;42568.0;0.0;0.0;7594.0;454.0;1393.0;2819.0;150.0;660.0;2118.0
1999M12;33914.0;0.0;0.0;4108.0;70.0;685.0;1676.0;83.0;379.0;1215.0
1999M11;29342.0;0.0;0.0;2882.0;12.0;553.0;1128.0;56.0;229.0;904.0
1999M10;28039.0;0.0;0.0;2605.0;17.0;479.0;1030.0;56.0;219.0;804.0
1999M09;25750.0;0.0;0.0;2354.0;3.0;439.0;908.0;52.0;203.0;749.0
1999M08;27995.0;0.0;0.0;2614.0;2.0;501.0;964.0;80.0;243.0;824.0
1999M07;28160.0;0.0;0.0;2679.0;6.0;526.0;987.0;61.0;275.0;824.0
1999M06;25938.0;0.0;0.0;2387.0;3.0;447.0;964.0;47.0;228.0;698.0
1999M05;28011.0;0.0;0.0;2886.0;9.0;545.0;1203.0;83.0;239.0;807.0
1999M04;28878.0;0.0;0.0;3321.0;31.0;589.0;1429.0;72.0;298.0;902.0
1999M03;34486.0;0.0;0.0;5230.0;194.0;961.0;2112.0;125.0;430.0;1408.0
1999M02;39898.0;0.0;0.0;7408.0;476.0;1347.0;2935.0;165.0;558.0;1927.0
1999M01;40691.0;0.0;0.0;6720.0;363.0;1230.0;2656.0;176.0;534.0;1761.0
1998M12;34374.0;0.0;0.0;3897.0;38.0;779.0;1602.0;115.0;164.0;1199.0
1998M11;27844.0;0.0;0.0;2558.0;13.0;521.0;1049.0;65.0;111.0;799.0
1998M10;28296.0;0.0;0.0;2655.0;23.0;496.0;1077.0;74.0;117.0;868.0
1998M09;25553.0;0.0;0.0;2311.0;4.0;459.0;953.0;65.0;107.0;723.0
1998M08;28211.0;0.0;0.0;2674.0;5.0;547.0;1035.0;44.0;121.0;922.0
1998M07;28785.0;0.0;0.0;2646.0;9.0;507.0;1107.0;83.0;102.0;838.0
1998M06;26791.0;0.0;0.0;2433.0;4.0;458.0;1085.0;78.0;92.0;716.0
1998M05;28276.0;0.0;0.0;2700.0;6.0;523.0;1151.0;61.0;120.0;839.0
1998M04;28957.0;0.0;0.0;3130.0;35.0;608.0;1378.0;91.0;114.0;904.0
1998M03;33595.0;0.0;0.0;4566.0;113.0;946.0;1954.0;124.0;145.0;1284.0
1998M02;34733.0;0.0;0.0;5512.0;246.0;1110.0;2329.0;124.0;193.0;1510.0
1998M01;35096.0;0.0;0.0;4665.0;124.0;917.0;2005.0;119.0;174.0;1326.0
1997M12;31652.0;0.0;0.0;3245.0;33.0;655.0;1347.0;81.0;130.0;999.0
1997M11;28498.0;0.0;0.0;2683.0;15.0;593.0;1084.0;70.0;104.0;817.0
1997M10;26782.0;0.0;0.0;2331.0;7.0;488.0;955.0;65.0;87.0;729.0
1997M09;25300.0;0.0;0.0;2112.0;1.0;412.0;903.0;49.0;92.0;655.0
1997M08;27763.0;0.0;0.0;2600.0;2.0;559.0;1040.0;62.0;110.0;827.0
1997M07;27079.0;0.0;0.0;2362.0;4.0;494.0;982.0;81.0;116.0;685.0
1997M06;25867.0;0.0;0.0;2277.0;3.0;472.0;971.0;68.0;104.0;659.0
1997M05;27761.0;0.0;0.0;2616.0;7.0;511.0;1144.0;81.0;119.0;754.0
1997M04;28496.0;0.0;0.0;3031.0;17.0;572.0;1388.0;82.0;126.0;846.0
1997M03;31066.0;0.0;0.0;3665.0;31.0;697.0;1676.0;96.0;146.0;1019.0
1997M02;30320.0;0.0;0.0;3863.0;99.0;727.0;1784.0;93.0;152.0;1008.0
1997M01;38937.0;0.0;0.0;5734.0;216.0;1157.0;2455.0;163.0;242.0;1501.0
1996M12;34106.0;0.0;0.0;4238.0;100.0;856.0;1811.0;101.0;198.0;1172.0
1996M11;28994.0;0.0;0.0;2880.0;29.0;553.0;1254.0;80.0;124.0;840.0
1996M10;27876.0;0.0;0.0;2494.0;23.0;567.0;1011.0;58.0;113.0;722.0
1996M09;25872.0;0.0;0.0;2264.0;4.0;409.0;985.0;68.0;96.0;702.0
1996M08;26483.0;0.0;0.0;2335.0;3.0;479.0;961.0;71.0;116.0;705.0
1996M07;28140.0;0.0;0.0;2451.0;2.0;485.0;1018.0;76.0;118.0;752.0
1996M06;26829.0;0.0;0.0;2524.0;2.0;485.0;1071.0;77.0;100.0;789.0
1996M05;28249.0;0.0;0.0;2624.0;8.0;529.0;1153.0;68.0;108.0;758.0
1996M04;28092.0;0.0;0.0;2960.0;22.0;558.0;1322.0;84.0;140.0;834.0
1996M03;32510.0;0.0;0.0;3603.0;34.0;686.0;1629.0;102.0;167.0;985.0
1996M02;30515.0;0.0;0.0;3500.0;45.0;646.0;1648.0;100.0;130.0;931.0
1996M01;33783.0;0.0;0.0;4441.0;163.0;891.0;1900.0;132.0;186.0;1169.0
1995M12;34309.0;0.0;0.0;4142.0;100.0;857.0;1815.0;123.0;167.0;1080.0
1995M11;27316.0;0.0;0.0;2472.0;16.0;551.0;1071.0;62.0;88.0;684.0
1995M10;26990.0;0.0;0.0;2418.0;16.0;530.0;1006.0;61.0;105.0;700.0
1995M09;25159.0;0.0;0.0;2093.0;10.0;431.0;876.0;50.0;86.0;640.0
1995M08;26989.0;0.0;0.0;2327.0;3.0;518.0;945.0;62.0;100.0;699.0
1995M07;29164.0;0.0;0.0;2500.0;4.0;540.0;1028.0;66.0;125.0;737.0
1995M06;25542.0;0.0;0.0;2127.0;4.0;427.0;942.0;54.0;87.0;613.0
1995M05;27481.0;0.0;0.0;2653.0;8.0;534.0;1210.0;76.0;94.0;731.0
1995M04;28486.0;0.0;0.0;2999.0;30.0;600.0;1364.0;85.0;132.0;788.0
1995M03;31853.0;0.0;0.0;3532.0;72.0;700.0;1646.0;74.0;131.0;909.0
1995M02;29151.0;0.0;0.0;3597.0;92.0;668.0;1649.0;105.0;118.0;965.0
1995M01;33787.0;0.0;0.0;3849.0;61.0;747.0;1737.0;97.0;152.0;1055.0
1994M12;29967.0;0.0;0.0;2636.0;12.0;520.0;1189.0;80.0;118.0;717.0
1994M11;26756.0;0.0;0.0;2336.0;20.0;453.0;1071.0;69.0;101.0;622.0
1994M10;27295.0;0.0;0.0;2430.0;19.0;501.0;1064.0;72.0;90.0;684.0
1994M09;24731.0;0.0;0.0;2003.0;4.0;387.0;845.0;64.0;73.0;630.0
1994M08;27408.0;0.0;0.0;2373.0;2.0;512.0;958.0;74.0;134.0;693.0
1994M07;29468.0;0.0;0.0;2624.0;5.0;653.0;1018.0;81.0;122.0;745.0
1994M06;25350.0;0.0;0.0;2164.0;8.0;417.0;950.0;57.0;92.0;640.0
1994M05;26746.0;0.0;0.0;2436.0;11.0;481.0;1086.0;56.0;115.0;687.0
1994M04;26991.0;0.0;0.0;2399.0;9.0;473.0;1091.0;78.0;97.0;651.0
1994M03;28590.0;0.0;0.0;2717.0;21.0;556.0;1232.0;91.0;126.0;691.0
1994M02;29616.0;0.0;0.0;3435.0;54.0;725.0;1535.0;105.0;145.0;871.0
1994M01;35324.0;0.0;0.0;4677.0;135.0;981.0;2101.0;136.0;162.0;1162.0
1993M12;32030.0;0.0;0.0;3487.0;65.0;739.0;1515.0;105.0;140.0;923.0
1993M11;27570.0;0.0;0.0;2595.0;19.0;579.0;1130.0;71.0;109.0;687.0
1993M10;27790.0;0.0;0.0;2408.0;13.0;514.0;998.0;72.0;102.0;709.0
1993M09;24244.0;0.0;0.0;1839.0;2.0;392.0;757.0;43.0;100.0;545.0
1993M08;26464.0;0.0;0.0;2288.0;3.0;483.0;895.0;60.0;117.0;730.0
1993M07;26138.0;0.0;0.0;2141.0;2.0;453.0;856.0;73.0;128.0;629.0
1993M06;25342.0;0.0;0.0;2144.0;8.0;466.0;892.0;62.0;108.0;608.0
1993M05;26546.0;0.0;0.0;2389.0;9.0;473.0;1083.0;67.0;119.0;638.0
1993M04;27840.0;0.0;0.0;2903.0;42.0;555.0;1296.0;101.0;164.0;745.0
1993M03;33489.0;0.0;0.0;4280.0;128.0;822.0;1915.0;129.0;197.0;1089.0
1993M02;29599.0;0.0;0.0;3535.0;82.0;710.0;1543.0;91.0;166.0;943.0
1993M01;32609.0;0.0;0.0;3536.0;57.0;795.0;1497.0;97.0;181.0;909.0
1992M12;28803.0;0.0;0.0;2559.0;17.0;482.0;1101.0;90.0;152.0;717.0
1992M11;26302.0;0.0;0.0;2238.0;9.0;508.0;950.0;80.0;110.0;581.0
1992M10;27181.0;0.0;0.0;2279.0;17.0;486.0;934.0;68.0;108.0;666.0
1992M09;23512.0;0.0;0.0;1730.0;1.0;353.0;705.0;68.0;89.0;514.0
1992M08;26364.0;0.0;0.0;2129.0;2.0;547.0;819.0;59.0;118.0;584.0
1992M07;26827.0;0.0;0.0;2256.0;4.0;486.0;915.0;67.0;104.0;680.0
1992M06;24339.0;0.0;0.0;1935.0;10.0;373.0;829.0;66.0;78.0;579.0
1992M05;26214.0;0.0;0.0;2383.0;16.0;486.0;1041.0;72.0;115.0;653.0
1992M04;27123.0;0.0;0.0;2702.0;19.0;548.0;1183.0;83.0;129.0;740.0
1992M03;29175.0;0.0;0.0;2994.0;18.0;596.0;1369.0;87.0;138.0;786.0
1992M02;30351.0;0.0;0.0;3554.0;51.0;740.0;1591.0;109.0;160.0;903.0
1992M01;35324.0;0.0;0.0;4533.0;107.0;911.0;2020.0;128.0;193.0;1174.0
1991M12;30760.0;0.0;0.0;3326.0;78.0;660.0;1404.0;88.0;171.0;925.0
1991M11;27681.0;0.0;0.0;2553.0;25.0;535.0;1084.0;84.0;115.0;710.0
1991M10;27013.0;0.0;0.0;2390.0;20.0;487.0;1002.0;73.0;97.0;711.0
1991M09;23741.0;0.0;0.0;1889.0;7.0;375.0;791.0;49.0;100.0;567.0
1991M08;26545.0;0.0;0.0;2290.0;3.0;516.0;922.0;57.0;127.0;665.0
1991M07;27716.0;0.0;0.0;2318.0;0.0;500.0;948.0;50.0;123.0;697.0
1991M06;25130.0;0.0;0.0;2119.0;6.0;430.0;927.0;67.0;94.0;595.0
1991M05;27570.0;0.0;0.0;2561.0;10.0;472.0;1105.0;93.0;116.0;765.0
1991M04;27321.0;0.0;0.0;2796.0;25.0;524.0;1247.0;95.0;127.0;778.0
1991M03;30995.0;0.0;0.0;3504.0;104.0;665.0;1575.0;110.0;144.0;906.0
1991M02;30888.0;0.0;0.0;3685.0;96.0;691.0;1606.0;118.0;198.0;976.0
1991M01;32331.0;0.0;0.0;3563.0;68.0;678.0;1608.0;115.0;164.0;930.0
1990M12;32838.0;0.0;0.0;3338.0;45.0;647.0;1389.0;110.0;204.0;943.0
1990M11;26710.0;0.0;0.0;2456.0;26.0;545.0;1020.0;89.0;124.0;652.0
1990M10;25741.0;0.0;0.0;2159.0;15.0;453.0;886.0;63.0;105.0;637.0
1990M09;23722.0;0.0;0.0;1898.0;6.0;436.0;679.0;74.0;113.0;590.0
1990M08;25898.0;0.0;0.0;2286.0;3.0;501.0;893.0;103.0;126.0;660.0
1990M07;27758.0;0.0;0.0;2510.0;5.0;602.0;923.0;76.0;131.0;773.0
1990M06;24319.0;0.0;0.0;2084.0;9.0;448.0;837.0;67.0;125.0;598.0
1990M05;25728.0;0.0;0.0;2553.0;12.0;537.0;1061.0;86.0;157.0;700.0
1990M04;26607.0;0.0;0.0;2736.0;41.0;598.0;1077.0;84.0;139.0;797.0
1990M03;28299.0;0.0;0.0;2948.0;67.0;573.0;1299.0;76.0;160.0;773.0
1990M02;29529.0;0.0;0.0;4186.0;276.0;945.0;1645.0;107.0;224.0;989.0
1990M01;35993.0;0.0;0.0;5045.0;327.0;1060.0;1964.0;153.0;254.0;1287.0
1989M12;28495.0;0.0;0.0;2790.0;36.0;596.0;1149.0;96.0;179.0;734.0
1989M11;26078.0;0.0;0.0;2326.0;33.0;555.0;944.0;86.0;115.0;593.0
1989M10;25431.0;0.0;0.0;2099.0;19.0;465.0;828.0;71.0;123.0;593.0
1989M09;23499.0;0.0;0.0;1866.0;6.0;437.0;719.0;74.0;103.0;527.0
1989M08;26430.0;0.0;0.0;2339.0;9.0;595.0;815.0;82.0;154.0;684.0
1989M07;27615.0;0.0;0.0;2363.0;5.0;542.0;910.0;65.0;161.0;680.0
1989M06;25244.0;0.0;0.0;2147.0;3.0;451.0;896.0;75.0;123.0;599.0
1989M05;26165.0;0.0;0.0;2373.0;13.0;495.0;963.0;88.0;138.0;676.0
1989M04;26030.0;0.0;0.0;2422.0;25.0;503.0;1031.0;93.0;101.0;669.0
1989M03;27857.0;0.0;0.0;2785.0;38.0;582.0;1213.0;115.0;134.0;703.0
1989M02;28243.0;0.0;0.0;3190.0;87.0;693.0;1355.0;120.0;164.0;771.0
1989M01;33709.0;0.0;0.0;4348.0;269.0;912.0;1746.0;114.0;200.0;1107.0
1988M12;32822.0;0.0;0.0;3860.0;151.0;859.0;1501.0;134.0;219.0;996.0
1988M11;25853.0;0.0;0.0;2223.0;30.0;520.0;878.0;77.0;112.0;606.0
1988M10;24945.0;0.0;0.0;2120.0;13.0;486.0;846.0;72.0;119.0;584.0
1988M09;23773.0;0.0;0.0;1842.0;5.0;443.0;716.0;70.0;99.0;509.0
1988M08;25825.0;0.0;0.0;2224.0;5.0;524.0;848.0;84.0;147.0;616.0
1988M07;25722.0;0.0;0.0;2064.0;6.0;514.0;799.0;69.0;124.0;552.0
1988M06;23729.0;0.0;0.0;1962.0;10.0;457.0;761.0;86.0;91.0;557.0
1988M05;24958.0;0.0;0.0;2069.0;20.0;445.0;846.0;75.0;124.0;559.0
1988M04;25585.0;0.0;0.0;2511.0;54.0;532.0;1072.0;83.0;126.0;644.0
1988M03;30566.0;0.0;0.0;3347.0;89.0;770.0;1340.0;119.0;169.0;860.0
1988M02;26656.0;0.0;0.0;2560.0;28.0;586.0;1075.0;94.0;112.0;665.0
1988M01;29003.0;0.0;0.0;2731.0;34.0;667.0;1172.0;103.0;108.0;647.0
1987M12;28534.0;0.0;0.0;2580.0;43.0;613.0;1044.0;110.0;122.0;648.0
1987M11;25769.0;0.0;0.0;2328.0;26.0;534.0;912.0;74.0;120.0;662.0
1987M10;25415.0;0.0;0.0;2013.0;14.0;500.0;747.0;85.0;113.0;554.0
1987M09;23122.0;0.0;0.0;1850.0;8.0;476.0;678.0;72.0;106.0;510.0
1987M08;25290.0;0.0;0.0;2100.0;2.0;548.0;707.0;92.0;127.0;624.0
1987M07;24444.0;0.0;0.0;1966.0;9.0;511.0;686.0;82.0;116.0;562.0
1987M06;23502.0;0.0;0.0;1919.0;14.0;496.0;717.0;80.0;111.0;501.0
1987M05;24272.0;0.0;0.0;1960.0;14.0;483.0;751.0;75.0;88.0;549.0
1987M04;25043.0;0.0;0.0;2256.0;39.0;517.0;899.0;89.0;110.0;602.0
1987M03;26256.0;0.0;0.0;2463.0;50.0;625.0;957.0;101.0;100.0;630.0
1987M02;26225.0;0.0;0.0;2792.0;132.0;716.0;1078.0;95.0;119.0;652.0
1987M01;32201.0;0.0;0.0;3748.0;203.0;915.0;1410.0;123.0;133.0;964.0
1986M12;27804.0;0.0;0.0;2557.0;34.0;663.0;940.0;113.0;133.0;674.0
1986M11;25390.0;0.0;0.0;2264.0;34.0;602.0;810.0;97.0;128.0;593.0
1986M10;23267.0;0.0;0.0;1866.0;12.0;502.0;667.0;79.0;104.0;502.0
1986M09;22087.0;0.0;0.0;1604.0;10.0;458.0;538.0;67.0;101.0;430.0
1986M08;23151.0;0.0;0.0;1679.0;2.0;464.0;543.0;87.0;98.0;485.0
1986M07;23935.0;0.0;0.0;1880.0;8.0;511.0;630.0;84.0;96.0;551.0
1986M06;22689.0;0.0;0.0;1722.0;11.0;412.0;624.0;68.0;108.0;499.0
1986M05;24858.0;0.0;0.0;2127.0;25.0;561.0;766.0;100.0;112.0;563.0
1986M04;25696.0;0.0;0.0;2335.0;42.0;607.0;915.0;91.0;110.0;570.0
1986M03;27248.0;0.0;0.0;2704.0;78.0;690.0;1031.0;117.0;150.0;638.0
1986M02;29453.0;0.0;0.0;3655.0;251.0;883.0;1339.0;154.0;168.0;860.0
1986M01;34835.0;0.0;0.0;5005.0;402.0;1358.0;1707.0;165.0;222.0;1151.0
1985M12;31421.0;0.0;0.0;3669.0;165.0;969.0;1251.0;159.0;213.0;912.0
1985M11;26379.0;0.0;0.0;2435.0;36.0;644.0;871.0;91.0;142.0;651.0
1985M10;23354.0;0.0;0.0;1983.0;25.0;531.0;714.0;88.0;135.0;490.0
1985M09;21999.0;0.0;0.0;1785.0;7.0;495.0;589.0;70.0;103.0;521.0
1985M08;23442.0;0.0;0.0;2009.0;7.0;468.0;667.0;79.0;133.0;655.0
1985M07;24912.0;0.0;0.0;2128.0;7.0;615.0;673.0;89.0;124.0;620.0
1985M06;22901.0;0.0;0.0;2001.0;23.0;539.0;678.0;91.0;116.0;554.0
1985M05;25123.0;0.0;0.0;2284.0;57.0;557.0;790.0;121.0;133.0;626.0
1985M04;25741.0;0.0;0.0;2808.0;94.0;702.0;1016.0;100.0;160.0;736.0
1985M03;28391.0;0.0;0.0;3135.0;112.0;810.0;1104.0;126.0;132.0;851.0
1985M02;25537.0;0.0;0.0;2567.0;61.0;661.0;963.0;115.0;118.0;649.0
1985M01;33332.0;0.0;0.0;3660.0;118.0;1018.0;1265.0;158.0;146.0;955.0
1984M12;26901.0;0.0;0.0;2439.0;53.0;656.0;810.0;130.0;112.0;678.0
1984M11;24294.0;0.0;0.0;2126.0;56.0;609.0;714.0;115.0;108.0;524.0
1984M10;24023.0;0.0;0.0;2032.0;33.0;542.0;647.0;88.0;106.0;616.0
1984M09;21416.0;0.0;0.0;1620.0;9.0;423.0;540.0;90.0;119.0;439.0
1984M08;22384.0;0.0;0.0;1777.0;14.0;449.0;570.0;124.0;123.0;497.0
1984M07;24268.0;0.0;0.0;1941.0;9.0;508.0;635.0;90.0;111.0;588.0
1984M06;23575.0;0.0;0.0;2024.0;20.0;488.0;697.0;110.0;116.0;593.0
1984M05;24006.0;0.0;0.0;2109.0;48.0;536.0;760.0;103.0;126.0;536.0
1984M04;25212.0;0.0;0.0;2612.0;134.0;687.0;873.0;127.0;133.0;658.0
1984M03;29363.0;0.0;0.0;3198.0;143.0;915.0;1023.0;154.0;147.0;816.0
1984M02;25792.0;0.0;0.0;2493.0;52.0;709.0;756.0;122.0;115.0;739.0
1984M01;28175.0;0.0;0.0;2773.0;77.0;821.0;807.0;127.0;136.0;805.0
1983M12;27381.0;0.0;0.0;2525.0;86.0;761.0;751.0;111.0;119.0;697.0
1983M11;24072.0;0.0;0.0;2009.0;55.0;593.0;554.0;96.0;101.0;610.0
1983M10;22015.0;0.0;0.0;1690.0;24.0;473.0;423.0;83.0;102.0;585.0
1983M09;21315.0;0.0;0.0;1598.0;14.0;462.0;361.0;76.0;93.0;592.0
1983M08;21832.0;0.0;0.0;1659.0;6.0;455.0;476.0;85.0;97.0;540.0
1983M07;23441.0;0.0;0.0;1860.0;6.0;551.0;465.0;117.0;104.0;617.0
1983M06;22439.0;0.0;0.0;1821.0;11.0;548.0;492.0;89.0;107.0;574.0
1983M05;23610.0;0.0;0.0;1974.0;24.0;532.0;627.0;120.0;108.0;563.0
1983M04;23567.0;0.0;0.0;2184.0;58.0;581.0;629.0;127.0;104.0;685.0
1983M03;26290.0;0.0;0.0;2642.0;138.0;706.0;758.0;156.0;122.0;762.0
1983M02;31176.0;0.0;0.0;4241.0;526.0;1160.0;1113.0;196.0;194.0;1052.0
1983M01;35431.0;0.0;0.0;5221.0;691.0;1447.0;1349.0;228.0;223.0;1283.0
1982M12;29897.0;0.0;0.0;3433.0;217.0;989.0;868.0;159.0;158.0;1042.0
1982M11;24280.0;0.0;0.0;2238.0;76.0;655.0;575.0;118.0;120.0;694.0
1982M10;23369.0;0.0;0.0;1904.0;28.0;572.0;461.0;117.0;87.0;639.0
1982M09;19822.0;0.0;0.0;1503.0;16.0;452.0;360.0;76.0;89.0;510.0
1982M08;22179.0;0.0;0.0;1710.0;16.0;491.0;408.0;90.0;93.0;612.0
1982M07;23643.0;0.0;0.0;1946.0;21.0;670.0;467.0;94.0;109.0;585.0
1982M06;22033.0;0.0;0.0;1832.0;26.0;566.0;437.0;83.0;79.0;641.0
1982M05;23301.0;0.0;0.0;1974.0;45.0;544.0;523.0;118.0;88.0;656.0
1982M04;23022.0;0.0;0.0;2087.0;48.0;591.0;539.0;129.0;90.0;690.0
1982M03;24814.0;0.0;0.0;2364.0;54.0;659.0;664.0;153.0;80.0;754.0
1982M02;24198.0;0.0;0.0;2432.0;68.0;704.0;649.0;138.0;69.0;804.0
1982M01;26097.0;0.0;0.0;2553.0;61.0;751.0;682.0;149.0;105.0;805.0
1981M12;26387.0;0.0;0.0;2423.0;71.0;721.0;661.0;143.0;90.0;737.0
1981M11;22974.0;0.0;0.0;1992.0;44.0;658.0;516.0;94.0;77.0;603.0
1981M10;22334.0;0.0;0.0;1823.0;44.0;593.0;457.0;93.0;80.0;556.0
1981M09;19952.0;0.0;0.0;1418.0;11.0;433.0;361.0;91.0;88.0;434.0
1981M08;21346.0;0.0;0.0;1574.0;9.0;475.0;386.0;112.0;106.0;486.0
1981M07;22307.0;0.0;0.0;1572.0;16.0;489.0;381.0;88.0;99.0;499.0
1981M06;23403.0;0.0;0.0;1896.0;26.0;617.0;436.0;103.0;127.0;587.0
1981M05;23174.0;0.0;0.0;2073.0;46.0;640.0;528.0;126.0;71.0;662.0
1981M04;22857.0;0.0;0.0;2196.0;76.0;741.0;479.0;123.0;95.0;682.0
1981M03;26401.0;0.0;0.0;2966.0;158.0;1035.0;680.0;159.0;118.0;816.0
1981M02;26746.0;0.0;0.0;3589.0;380.0;1167.0;753.0;194.0;101.0;994.0
1981M01;35505.0;0.0;0.0;5844.0;1173.0;1698.0;1232.0;265.0;185.0;1291.0
1980M12;32163.0;0.0;0.0;4265.0;368.0;1276.0;1020.0;251.0;111.0;1239.0
1980M11;23819.0;0.0;0.0;2200.0;80.0;776.0;547.0;135.0;88.0;574.0
1980M10;22852.0;0.0;0.0;2020.0;45.0;745.0;476.0;116.0;71.0;567.0
1980M09;21020.0;0.0;0.0;1581.0;12.0;528.0;339.0;99.0;65.0;538.0
1980M08;22735.0;0.0;0.0;1864.0;30.0;658.0;395.0;116.0;67.0;598.0
1980M07;22117.0;0.0;0.0;1811.0;26.0;612.0;386.0;109.0;80.0;598.0
1980M06;21495.0;0.0;0.0;1799.0;43.0;618.0;374.0;106.0;60.0;598.0
1980M05;22781.0;0.0;0.0;2061.0;47.0;726.0;482.0;135.0;61.0;610.0
1980M04;22500.0;0.0;0.0;2136.0;50.0;720.0;532.0;138.0;70.0;626.0
1980M03;25275.0;0.0;0.0;2380.0;73.0;794.0;576.0;144.0;73.0;720.0
1980M02;23906.0;0.0;0.0;2442.0;68.0;808.0;566.0;151.0;86.0;763.0
1980M01;28681.0;0.0;0.0;3150.0;155.0;1044.0;686.0;210.0;111.0;944.0
2020M12;21435.0;3303.0;74.0;1771.0;2.0;318.0;677.0;18.0;77.0;679.0
2020M11;21784.0;5313.0;108.0;1589.0;0.0;288.0;647.0;15.0;45.0;594.0
2020M10;20624.0;3176.0;102.0;1668.0;0.0;359.0;569.0;22.0;70.0;648.0
2020M09;17819.0;1882.0;90.0;1463.0;0.0;270.0;568.0;14.0;56.0;555.0
2020M08;17879.0;637.0;102.0;1718.0;0.0;323.0;665.0;15.0;66.0;649.0
2020M07;17361.0;158.0;104.0;1632.0;1.0;309.0;602.0;8.0;73.0;639.0
2020M06;15438.0;281.0;75.0;1342.0;1.0;242.0;527.0;10.0;56.0;506.0
2020M05;17476.0;1510.0;355.0;1373.0;1.0;271.0;538.0;13.0;51.0;499.0
2020M04;29237.0;9320.0;3371.0;1883.0;14.0;364.0;719.0;28.0;90.0;668.0
2020M03;30621.0;6918.0;2038.0;3411.0;91.0;729.0;1254.0;32.0;167.0;1138.0
2020M02;18411.0;0.0;0.0;2717.0;172.0;548.0;939.0;13.0;85.0;960.0
2020M01;21579.0;0.0;0.0;3268.0;164.0;683.0;1127.0;24.0;91.0;1179.0
2019M12;18669.0;0.0;0.0;2368.0;17.0;454.0;887.0;15.0;79.0;916.0
2019M11;17814.0;0.0;0.0;2001.0;3.0;383.0;724.0;17.0;65.0;809.0
2019M10;16716.0;0.0;0.0;1739.0;1.0;322.0;611.0;13.0;75.0;717.0
2019M09;15409.0;0.0;0.0;1538.0;0.0;281.0;549.0;13.0;72.0;623.0
2019M08;16081.0;0.0;0.0;1505.0;0.0;280.0;561.0;13.0;65.0;586.0
2019M07;16883.0;0.0;0.0;1788.0;0.0;326.0;694.0;9.0;56.0;703.0
2019M06;16297.0;0.0;0.0;1873.0;2.0;326.0;770.0;5.0;68.0;702.0
2019M05;17206.0;0.0;0.0;2016.0;11.0;368.0;787.0;11.0;65.0;774.0
2019M04;17502.0;0.0;0.0;2166.0;28.0;390.0;830.0;15.0;70.0;833.0
2019M03;18820.0;0.0;0.0;2654.0;132.0;494.0;999.0;13.0;95.0;921.0
2019M02;19009.0;0.0;0.0;3132.0;306.0;584.0;1068.0;14.0;88.0;1072.0
2019M01;22277.0;0.0;0.0;3530.0;180.0;629.0;1269.0;20.0;105.0;1327.0
2018M12;18827.0;0.0;0.0;2372.0;7.0;460.0;851.0;13.0;78.0;963.0
2018M11;17492.0;0.0;0.0;2091.0;4.0;392.0;735.0;12.0;80.0;868.0
2018M10;16807.0;0.0;0.0;1820.0;0.0;326.0;674.0;12.0;64.0;744.0
2018M09;15767.0;0.0;0.0;1675.0;1.0;287.0;611.0;22.0;65.0;689.0
2018M08;16785.0;0.0;0.0;1851.0;0.0;313.0;670.0;9.0;73.0;786.0
2018M07;16446.0;0.0;0.0;1808.0;1.0;338.0;679.0;5.0;72.0;713.0
2018M06;16286.0;0.0;0.0;1864.0;1.0;291.0;715.0;9.0;73.0;775.0
2018M05;17076.0;0.0;0.0;2116.0;6.0;385.0;765.0;12.0;58.0;890.0
2018M04;17685.0;0.0;0.0;2446.0;23.0;445.0;871.0;14.0;87.0;1006.0
2018M03;19945.0;0.0;0.0;3120.0;118.0;607.0;1125.0;30.0;89.0;1151.0
2018M02;19809.0;0.0;0.0;3406.0;230.0;698.0;1210.0;19.0;76.0;1173.0
2018M01;23517.0;0.0;0.0;4616.0;432.0;888.0;1507.0;24.0;108.0;1657.0
2017M12;20927.0;0.0;0.0;3115.0;59.0;609.0;1180.0;18.0;92.0;1157.0
2017M11;17445.0;0.0;0.0;2041.0;3.0;391.0;799.0;7.0;46.0;795.0
2017M10;16635.0;0.0;0.0;1918.0;0.0;380.0;743.0;17.0;54.0;724.0
2017M09;15554.0;0.0;0.0;1608.0;0.0;267.0;660.0;12.0;51.0;618.0
2017M08;16478.0;0.0;0.0;1796.0;0.0;324.0;725.0;8.0;58.0;681.0
2017M07;16304.0;0.0;0.0;1757.0;1.0;336.0;689.0;17.0;70.0;644.0
2017M06;16193.0;0.0;0.0;1888.0;0.0;325.0;768.0;14.0;55.0;726.0
2017M05;17009.0;0.0;0.0;2133.0;0.0;343.0;867.0;16.0;70.0;837.0
2017M04;16829.0;0.0;0.0;2098.0;2.0;376.0;863.0;15.0;51.0;791.0
2017M03;18157.0;0.0;0.0;2437.0;21.0;453.0;951.0;18.0;79.0;915.0
2017M02;18482.0;0.0;0.0;2954.0;98.0;585.0;1150.0;25.0;96.0;1000.0
2017M01;24223.0;0.0;0.0;4532.0;314.0;890.0;1642.0;29.0;119.0;1538.0
2016M12;19893.0;0.0;0.0;2785.0;41.0;540.0;1117.0;8.0;96.0;983.0
2016M11;17173.0;0.0;0.0;2065.0;3.0;383.0;851.0;9.0;74.0;745.0
2016M10;16327.0;0.0;0.0;1820.0;1.0;323.0;731.0;16.0;65.0;684.0
2016M09;15461.0;0.0;0.0;1645.0;0.0;297.0;679.0;8.0;56.0;605.0
2016M08;16429.0;0.0;0.0;1792.0;1.0;319.0;761.0;12.0;62.0;637.0
2016M07;16701.0;0.0;0.0;1930.0;0.0;340.0;780.0;12.0;77.0;721.0
2016M06;16032.0;0.0;0.0;1845.0;2.0;305.0;795.0;15.0;63.0;665.0
2016M05;16885.0;0.0;0.0;1973.0;10.0;362.0;816.0;9.0;65.0;711.0
2016M04;17144.0;0.0;0.0;2253.0;73.0;404.0;957.0;15.0;79.0;725.0
2016M03;19362.0;0.0;0.0;2812.0;112.0;513.0;1209.0;18.0;89.0;871.0
2016M02;18195.0;0.0;0.0;2518.0;72.0;476.0;995.0;22.0;92.0;861.0
2016M01;19391.0;0.0;0.0;2759.0;20.0;505.0;1158.0;18.0;100.0;958.0
2015M12;18642.0;0.0;0.0;2392.0;3.0;438.0;1026.0;18.0;71.0;836.0
2015M11;16644.0;0.0;0.0;1927.0;2.0;364.0;767.0;11.0;68.0;715.0
2015M10;16537.0;0.0;0.0;1881.0;0.0;315.0;775.0;26.0;69.0;696.0
2015M09;14818.0;0.0;0.0;1560.0;0.0;268.0;632.0;6.0;62.0;592.0
2015M08;15931.0;0.0;0.0;1730.0;1.0;291.0;749.0;15.0;52.0;622.0
2015M07;17523.0;0.0;0.0;2136.0;0.0;362.0;853.0;13.0;70.0;838.0
2015M06;16003.0;0.0;0.0;1908.0;2.0;335.0;832.0;12.0;67.0;660.0
2015M05;16728.0;0.0;0.0;2091.0;1.0;363.0;905.0;7.0;78.0;737.0
2015M04;17133.0;0.0;0.0;2362.0;7.0;411.0;1002.0;19.0;80.0;843.0
2015M03;19584.0;0.0;0.0;3122.0;53.0;607.0;1339.0;22.0;103.0;998.0
2015M02;20671.0;0.0;0.0;3760.0;97.0;736.0;1557.0;23.0;99.0;1248.0
2015M01;23095.0;0.0;0.0;4061.0;51.0;739.0;1743.0;23.0;147.0;1358.0
2014M12;18381.0;0.0;0.0;2239.0;2.0;369.0;1023.0;16.0;80.0;749.0
2014M11;16508.0;0.0;0.0;1945.0;1.0;350.0;855.0;11.0;85.0;643.0
2014M10;16393.0;0.0;0.0;1778.0;0.0;333.0;798.0;19.0;60.0;568.0
2014M09;14870.0;0.0;0.0;1571.0;0.0;260.0;685.0;17.0;55.0;554.0
2014M08;15545.0;0.0;0.0;1679.0;0.0;260.0;770.0;12.0;66.0;571.0
2014M07;15720.0;0.0;0.0;1723.0;1.0;301.0;752.0;14.0;58.0;597.0
2014M06;15724.0;0.0;0.0;1782.0;1.0;287.0;839.0;18.0;52.0;585.0
2014M05;16297.0;0.0;0.0;1855.0;0.0;312.0;859.0;16.0;82.0;586.0
2014M04;16157.0;0.0;0.0;2014.0;14.0;353.0;956.0;9.0;59.0;623.0
2014M03;17853.0;0.0;0.0;2413.0;36.0;401.0;1100.0;10.0;87.0;779.0
2014M02;17763.0;0.0;0.0;2678.0;85.0;479.0;1202.0;14.0;101.0;797.0
2014M01;20360.0;0.0;0.0;3229.0;86.0;652.0;1425.0;14.0;103.0;949.0
2013M12;18786.0;0.0;0.0;2420.0;2.0;454.0;1117.0;14.0;96.0;737.0
2013M11;16467.0;0.0;0.0;1922.0;2.0;324.0;858.0;12.0;90.0;636.0
2013M10;15895.0;0.0;0.0;1744.0;2.0;320.0;779.0;21.0;67.0;555.0
2013M09;14770.0;0.0;0.0;1538.0;0.0;253.0;708.0;13.0;61.0;503.0
2013M08;15211.0;0.0;0.0;1568.0;1.0;249.0;712.0;15.0;60.0;531.0
2013M07;16260.0;0.0;0.0;1802.0;0.0;322.0;783.0;15.0;67.0;615.0
2013M06;15684.0;0.0;0.0;1750.0;0.0;312.0;851.0;11.0;68.0;508.0
2013M05;16241.0;0.0;0.0;1861.0;4.0;340.0;888.0;17.0;59.0;553.0
2013M04;16039.0;0.0;0.0;1962.0;9.0;350.0;865.0;18.0;86.0;634.0
2013M03;18299.0;0.0;0.0;2628.0;24.0;432.0;1258.0;19.0;105.0;790.0
2013M02;17284.0;0.0;0.0;2460.0;8.0;452.0;1124.0;14.0;89.0;773.0
2013M01;18898.0;0.0;0.0;2650.0;3.0;509.0;1246.0;19.0;98.0;775.0
2012M12;17861.0;0.0;0.0;2186.0;2.0;421.0;987.0;14.0;70.0;692.0
2012M11;16359.0;0.0;0.0;1828.0;0.0;344.0;828.0;11.0;68.0;577.0
2012M10;15759.0;0.0;0.0;1754.0;0.0;292.0;802.0;16.0;73.0;571.0
2012M09;14735.0;0.0;0.0;1428.0;0.0;223.0;658.0;11.0;57.0;479.0
2012M08;15778.0;0.0;0.0;1660.0;0.0;263.0;749.0;9.0;85.0;554.0
2012M07;15238.0;0.0;0.0;1604.0;0.0;252.0;710.0;16.0;77.0;549.0
2012M06;15230.0;0.0;0.0;1762.0;2.0;306.0;830.0;10.0;69.0;545.0
2012M05;16695.0;0.0;0.0;2182.0;1.0;385.0;1062.0;12.0;86.0;636.0
2012M04;16897.0;0.0;0.0;2208.0;4.0;367.0;1098.0;13.0;88.0;638.0
2012M03;19719.0;0.0;0.0;3209.0;19.0;624.0;1495.0;16.0;100.0;955.0
2012M02;21489.0;0.0;0.0;3749.0;32.0;691.0;1715.0;22.0;145.0;1144.0
2012M01;20160.0;0.0;0.0;3059.0;10.0;531.0;1450.0;23.0;119.0;926.0
2011M12;18623.0;0.0;0.0;2354.0;4.0;415.0;1076.0;22.0;103.0;734.0
2011M11;16248.0;0.0;0.0;1913.0;0.0;337.0;868.0;14.0;74.0;620.0
2011M10;16312.0;0.0;0.0;1819.0;0.0;314.0;860.0;14.0;65.0;566.0
2011M09;14681.0;0.0;0.0;1592.0;1.0;261.0;742.0;15.0;78.0;495.0
2011M08;15589.0;0.0;0.0;1725.0;0.0;296.0;805.0;22.0;63.0;539.0
2011M07;15690.0;0.0;0.0;1716.0;0.0;253.0;835.0;15.0;88.0;525.0
2011M06;15525.0;0.0;0.0;1746.0;0.0;279.0;831.0;18.0;90.0;528.0
2011M05;16230.0;0.0;0.0;1850.0;2.0;301.0;869.0;8.0;98.0;572.0
2011M04;15885.0;0.0;0.0;2076.0;3.0;319.0;1007.0;12.0;95.0;640.0
2011M03;17985.0;0.0;0.0;2371.0;12.0;439.0;1175.0;19.0;93.0;633.0
2011M02;17500.0;0.0;0.0;2432.0;37.0;409.0;1187.0;20.0;91.0;688.0
2011M01;19586.0;0.0;0.0;2924.0;47.0;543.0;1366.0;19.0;118.0;831.0
2010M12;18131.0;0.0;0.0;2272.0;3.0;369.0;1100.0;16.0;93.0;691.0
2010M11;16638.0;0.0;0.0;1959.0;1.0;337.0;942.0;20.0;76.0;583.0
2010M10;16143.0;0.0;0.0;1758.0;0.0;291.0;845.0;14.0;85.0;523.0
2010M09;14707.0;0.0;0.0;1573.0;0.0;258.0;726.0;12.0;83.0;494.0
2010M08;15490.0;0.0;0.0;1728.0;0.0;281.0;829.0;22.0;69.0;527.0
2010M07;16140.0;0.0;0.0;1762.0;1.0;268.0;858.0;19.0;79.0;537.0
2010M06;15180.0;0.0;0.0;1786.0;0.0;311.0;886.0;13.0;94.0;482.0
2010M05;16426.0;0.0;0.0;1909.0;1.0;288.0;940.0;17.0;73.0;590.0
2010M04;16219.0;0.0;0.0;1913.0;1.0;298.0;940.0;14.0;77.0;583.0
2010M03;17389.0;0.0;0.0;2186.0;2.0;316.0;1113.0;22.0;89.0;644.0
2010M02;16738.0;0.0;0.0;2120.0;1.0;336.0;1098.0;15.0;84.0;586.0
2010M01;18920.0;0.0;0.0;2485.0;17.0;418.0;1166.0;17.0;120.0;747.0
2009M12;18319.0;0.0;0.0;2372.0;39.0;423.0;1138.0;31.0;104.0;637.0
2009M11;16024.0;0.0;0.0;1937.0;54.0;334.0;908.0;8.0;77.0;556.0
2009M10;15923.0;0.0;0.0;1745.0;11.0;269.0;866.0;15.0;73.0;511.0
2009M09;14521.0;0.0;0.0;1467.0;4.0;227.0;706.0;16.0;68.0;446.0
2009M08;15514.0;0.0;0.0;1743.0;5.0;291.0;838.0;11.0;75.0;523.0
2009M07;15549.0;0.0;0.0;1680.0;4.0;244.0;841.0;13.0;80.0;498.0
2009M06;15125.0;0.0;0.0;1702.0;0.0;281.0;812.0;10.0;85.0;514.0
2009M05;16265.0;0.0;0.0;1929.0;1.0;328.0;919.0;22.0;88.0;571.0
2009M04;16238.0;0.0;0.0;2068.0;0.0;349.0;1013.0;17.0;89.0;600.0
2009M03;17490.0;0.0;0.0;2188.0;0.0;401.0;1029.0;18.0;121.0;619.0
2009M02;16806.0;0.0;0.0;2382.0;3.0;460.0;1062.0;15.0;143.0;699.0
2009M01;21321.0;0.0;0.0;3716.0;13.0;753.0;1585.0;23.0;216.0;1126.0
2008M12;19177.0;0.0;0.0;2692.0;5.0;504.0;1145.0;7.0;189.0;842.0
2008M11;16370.0;0.0;0.0;1921.0;2.0;367.0;797.0;17.0;125.0;613.0
2008M10;16171.0;0.0;0.0;1871.0;1.0;377.0;794.0;17.0;112.0;570.0
2008M09;14126.0;0.0;0.0;1530.0;0.0;293.0;641.0;11.0;107.0;478.0
2008M08;15281.0;0.0;0.0;1719.0;0.0;315.0;692.0;11.0;115.0;586.0
2008M07;15653.0;0.0;0.0;1745.0;1.0;341.0;720.0;6.0;125.0;552.0
2008M06;15414.0;0.0;0.0;1777.0;0.0;334.0;764.0;17.0;98.0;564.0
2008M05;15742.0;0.0;0.0;1955.0;0.0;369.0;854.0;16.0;133.0;583.0
2008M04;16732.0;0.0;0.0;2138.0;2.0;450.0;922.0;16.0;126.0;622.0
2008M03;17592.0;0.0;0.0;2482.0;0.0;433.0;1102.0;17.0;146.0;784.0
2008M02;17585.0;0.0;0.0;2513.0;5.0;449.0;1162.0;17.0;158.0;722.0
2008M01;19804.0;0.0;0.0;3118.0;10.0;619.0;1376.0;25.0;176.0;912.0
2007M12;18640.0;0.0;0.0;2479.0;4.0;451.0;1134.0;18.0;178.0;694.0
2007M11;17017.0;0.0;0.0;2198.0;2.0;389.0;974.0;11.0;150.0;672.0
2007M10;16299.0;0.0;0.0;1853.0;1.0;323.0;828.0;9.0;129.0;563.0
2007M09;14792.0;0.0;0.0;1525.0;0.0;255.0;674.0;13.0;100.0;483.0
2007M08;15341.0;0.0;0.0;1674.0;0.0;312.0;723.0;10.0;114.0;515.0
2007M07;15746.0;0.0;0.0;1759.0;0.0;290.0;792.0;7.0;110.0;560.0
2007M06;15385.0;0.0;0.0;1828.0;0.0;278.0;818.0;12.0;124.0;596.0
2007M05;16228.0;0.0;0.0;1886.0;1.0;343.0;856.0;8.0;118.0;560.0
2007M04;16659.0;0.0;0.0;2146.0;1.0;364.0;1003.0;15.0;142.0;621.0
2007M03;17817.0;0.0;0.0;2395.0;3.0;419.0;1161.0;14.0;166.0;632.0
2007M02;17471.0;0.0;0.0;2819.0;7.0;513.0;1294.0;19.0;185.0;801.0
2007M01;19741.0;0.0;0.0;3003.0;6.0;540.0;1373.0;19.0;224.0;841.0
2006M12;18083.0;0.0;0.0;2232.0;2.0;413.0;981.0;14.0;159.0;663.0
2006M11;15866.0;0.0;0.0;1799.0;0.0;344.0;794.0;15.0;112.0;534.0
2006M10;15628.0;0.0;0.0;1696.0;2.0;319.0;756.0;10.0;112.0;497.0
2006M09;14917.0;0.0;0.0;1539.0;0.0;267.0;711.0;12.0;84.0;465.0
2006M08;15205.0;0.0;0.0;1627.0;0.0;282.0;723.0;13.0;126.0;483.0
2006M07;15984.0;0.0;0.0;1781.0;1.0;329.0;790.0;13.0;116.0;532.0
2006M06;14959.0;0.0;0.0;1679.0;0.0;289.0;796.0;6.0;108.0;480.0
2006M05;15769.0;0.0;0.0;1791.0;1.0;310.0;890.0;16.0;104.0;470.0
2006M04;15618.0;0.0;0.0;1935.0;0.0;336.0;909.0;7.0;103.0;580.0
2006M03;17698.0;0.0;0.0;2352.0;2.0;405.0;1094.0;18.0;150.0;683.0
2006M02;16340.0;0.0;0.0;2125.0;2.0;351.0;1025.0;11.0;132.0;604.0
2006M01;18087.0;0.0;0.0;2444.0;4.0;438.0;1155.0;13.0;136.0;698.0
2005M12;17744.0;0.0;0.0;2237.0;2.0;430.0;1034.0;11.0;128.0;632.0
2005M11;15754.0;0.0;0.0;1708.0;2.0;328.0;746.0;16.0;113.0;503.0
2005M10;15508.0;0.0;0.0;1651.0;1.0;307.0;753.0;15.0;108.0;467.0
2005M09;14155.0;0.0;0.0;1400.0;1.0;227.0;655.0;13.0;97.0;407.0
2005M08;14562.0;0.0;0.0;1493.0;0.0;276.0;653.0;15.0;109.0;440.0
2005M07;14939.0;0.0;0.0;1616.0;0.0;273.0;727.0;6.0;124.0;486.0
2005M06;14879.0;0.0;0.0;1644.0;0.0;293.0;785.0;13.0;87.0;466.0
2005M05;15750.0;0.0;0.0;1880.0;1.0;316.0;927.0;13.0;93.0;530.0
2005M04;15878.0;0.0;0.0;2127.0;1.0;362.0;1040.0;11.0;116.0;597.0
2005M03;19329.0;0.0;0.0;3084.0;12.0;540.0;1525.0;25.0;190.0;792.0
2005M02;19107.0;0.0;0.0;3387.0;39.0;603.0;1685.0;26.0;179.0;855.0
2005M01;24164.0;0.0;0.0;4956.0;123.0;862.0;2355.0;41.0;269.0;1306.0
2004M12;18574.0;0.0;0.0;2528.0;6.0;425.0;1220.0;22.0;136.0;719.0
2004M11;16300.0;0.0;0.0;1679.0;1.0;271.0;836.0;17.0;104.0;450.0
2004M10;15872.0;0.0;0.0;1700.0;2.0;290.0;787.0;13.0;74.0;534.0
2004M09;14292.0;0.0;0.0;1377.0;0.0;246.0;608.0;14.0;85.0;424.0
2004M08;15085.0;0.0;0.0;1601.0;1.0;286.0;702.0;13.0;105.0;494.0
2004M07;15484.0;0.0;0.0;1648.0;0.0;273.0;818.0;19.0;90.0;448.0
2004M06;14848.0;0.0;0.0;1610.0;2.0;257.0;792.0;14.0;97.0;448.0
2004M05;15995.0;0.0;0.0;1767.0;1.0;294.0;892.0;19.0;92.0;469.0
2004M04;16060.0;0.0;0.0;1999.0;1.0;316.0;1049.0;14.0;103.0;516.0
2004M03;17315.0;0.0;0.0;2227.0;2.0;349.0;1108.0;13.0;151.0;604.0
2004M02;16300.0;0.0;0.0;2174.0;5.0;329.0;1172.0;14.0;119.0;535.0
2004M01;18803.0;0.0;0.0;2872.0;7.0;511.0;1408.0;19.0;152.0;775.0
2003M12;18882.0;0.0;0.0;2749.0;25.0;429.0;1375.0;23.0;129.0;768.0
2003M11;16939.0;0.0;0.0;2315.0;7.0;407.0;1121.0;22.0;144.0;614.0
2003M10;15982.0;0.0;0.0;1778.0;6.0;301.0;860.0;15.0;104.0;492.0
2003M09;14721.0;0.0;0.0;1627.0;0.0;274.0;730.0;12.0;110.0;501.0
2003M08;17045.0;0.0;0.0;2166.0;0.0;411.0;962.0;15.0;125.0;653.0
2003M07;16033.0;0.0;0.0;1853.0;1.0;293.0;879.0;11.0;111.0;558.0
2003M06;16098.0;0.0;0.0;1983.0;0.0;338.0;984.0;6.0;121.0;534.0
2003M05;15998.0;0.0;0.0;1907.0;0.0;299.0;972.0;15.0;120.0;501.0
2003M04;15926.0;0.0;0.0;1981.0;2.0;306.0;987.0;20.0;108.0;558.0
2003M03;16936.0;0.0;0.0;2216.0;7.0;353.0;1140.0;20.0;120.0;576.0
2003M02;16482.0;0.0;0.0;2233.0;7.0;357.0;1153.0;20.0;140.0;556.0
2003M01;18855.0;0.0;0.0;2658.0;10.0;440.0;1318.0;21.0;161.0;708.0
2002M12;17284.0;0.0;0.0;2186.0;5.0;394.0;1070.0;23.0;136.0;558.0
2002M11;15664.0;0.0;0.0;1845.0;4.0;328.0;849.0;19.0;97.0;548.0
2002M10;15498.0;0.0;0.0;1646.0;1.0;284.0;806.0;17.0;77.0;461.0
2002M09;14041.0;0.0;0.0;1405.0;0.0;235.0;625.0;10.0;92.0;443.0
2002M08;14340.0;0.0;0.0;1453.0;0.0;247.0;675.0;17.0;92.0;422.0
2002M07;15224.0;0.0;0.0;1551.0;2.0;238.0;729.0;20.0;116.0;446.0
2002M06;14924.0;0.0;0.0;1723.0;0.0;287.0;875.0;20.0;105.0;436.0
2002M05;15341.0;0.0;0.0;1824.0;0.0;297.0;925.0;14.0;112.0;476.0
2002M04;15947.0;0.0;0.0;2001.0;1.0;318.0;1062.0;12.0;85.0;523.0
2002M03;17348.0;0.0;0.0;2480.0;7.0;389.0;1302.0;22.0;146.0;614.0
2002M02;17150.0;0.0;0.0;2870.0;23.0;478.0;1494.0;23.0;152.0;700.0
2002M01;20508.0;0.0;0.0;3632.0;54.0;624.0;1842.0;28.0;163.0;921.0
2001M12;18316.0;0.0;0.0;2374.0;3.0;392.0;1157.0;22.0;154.0;646.0
2001M11;15897.0;0.0;0.0;1821.0;5.0;326.0;906.0;18.0;107.0;459.0
2001M10;15444.0;0.0;0.0;1702.0;1.0;296.0;824.0;27.0;98.0;456.0
2001M09;14114.0;0.0;0.0;1497.0;0.0;240.0;759.0;18.0;89.0;391.0
2001M08;15438.0;0.0;0.0;1719.0;0.0;317.0;783.0;13.0;123.0;483.0
2001M07;15362.0;0.0;0.0;1691.0;0.0;290.0;811.0;20.0;118.0;452.0
2001M06;14971.0;0.0;0.0;1774.0;0.0;326.0;888.0;20.0;90.0;450.0
2001M05;16036.0;0.0;0.0;1854.0;1.0;294.0;965.0;16.0;115.0;463.0
2001M04;15402.0;0.0;0.0;1859.0;3.0;311.0;923.0;16.0;109.0;497.0
2001M03;16234.0;0.0;0.0;2037.0;6.0;334.0;1009.0;26.0;123.0;539.0
2001M02;15288.0;0.0;0.0;1901.0;2.0;332.0;941.0;17.0;109.0;500.0
2001M01;17212.0;0.0;0.0;2167.0;4.0;361.0;1080.0;34.0;129.0;559.0
2000M12;16137.0;0.0;0.0;1942.0;6.0;317.0;1008.0;15.0;135.0;461.0
2000M11;15453.0;0.0;0.0;1708.0;10.0;293.0;808.0;21.0;126.0;450.0
2000M10;15276.0;0.0;0.0;1725.0;8.0;294.0;813.0;16.0;129.0;465.0
2000M09;13775.0;0.0;0.0;1402.0;1.0;237.0;688.0;9.0;118.0;349.0
2000M08;14426.0;0.0;0.0;1556.0;0.0;264.0;748.0;13.0;125.0;406.0
2000M07;14846.0;0.0;0.0;1548.0;2.0;251.0;751.0;12.0;125.0;407.0
2000M06;14473.0;0.0;0.0;1569.0;1.0;226.0;789.0;12.0;137.0;404.0
2000M05;15022.0;0.0;0.0;1727.0;0.0;281.0;851.0;11.0;150.0;434.0
2000M04;15506.0;0.0;0.0;1910.0;7.0;303.0;986.0;13.0;144.0;457.0
2000M03;16000.0;0.0;0.0;2098.0;4.0;315.0;1073.0;22.0;165.0;519.0
2000M02;16799.0;0.0;0.0;2728.0;53.0;456.0;1404.0;33.0;193.0;589.0
2000M01;21755.0;0.0;0.0;4218.0;158.0;663.0;2097.0;25.0;315.0;960.0
1999M12;17751.0;0.0;0.0;2362.0;20.0;349.0;1227.0;15.0;189.0;562.0
1999M11;15709.0;0.0;0.0;1748.0;8.0;319.0;829.0;18.0;119.0;455.0
1999M10;15029.0;0.0;0.0;1563.0;4.0;244.0;782.0;21.0;100.0;412.0
1999M09;13769.0;0.0;0.0;1418.0;2.0;227.0;692.0;19.0;102.0;376.0
1999M08;14643.0;0.0;0.0;1529.0;1.0;261.0;721.0;26.0;122.0;398.0
1999M07;14830.0;0.0;0.0;1575.0;1.0;281.0;759.0;15.0;140.0;379.0
1999M06;13858.0;0.0;0.0;1438.0;1.0;234.0;730.0;18.0;115.0;340.0
1999M05;14880.0;0.0;0.0;1726.0;4.0;275.0;904.0;26.0;114.0;403.0
1999M04;15285.0;0.0;0.0;2017.0;11.0;320.0;1071.0;19.0;144.0;452.0
1999M03;17960.0;0.0;0.0;3011.0;68.0;498.0;1554.0;36.0;201.0;654.0
1999M02;20652.0;0.0;0.0;4260.0;168.0;672.0;2207.0;32.0;290.0;891.0
1999M01;20889.0;0.0;0.0;3820.0;126.0;605.0;1972.0;46.0;263.0;808.0
1998M12;18023.0;0.0;0.0;2370.0;16.0;438.0;1198.0;32.0;77.0;609.0
1998M11;14792.0;0.0;0.0;1513.0;4.0;260.0;789.0;22.0;48.0;390.0
1998M10;15101.0;0.0;0.0;1604.0;6.0;270.0;817.0;20.0;60.0;431.0
1998M09;13545.0;0.0;0.0;1409.0;1.0;250.0;734.0;27.0;63.0;334.0
1998M08;14719.0;0.0;0.0;1562.0;0.0;286.0;774.0;9.0;65.0;428.0
1998M07;15112.0;0.0;0.0;1637.0;1.0;264.0;868.0;29.0;62.0;413.0
1998M06;14342.0;0.0;0.0;1545.0;0.0;247.0;846.0;31.0;50.0;371.0
1998M05;15071.0;0.0;0.0;1630.0;2.0;266.0;868.0;26.0;62.0;406.0
1998M04;15246.0;0.0;0.0;1941.0;12.0;320.0;1066.0;28.0;65.0;450.0
1998M03;17839.0;0.0;0.0;2785.0;38.0;514.0;1479.0;35.0;75.0;644.0
1998M02;18064.0;0.0;0.0;3206.0;92.0;555.0;1716.0;37.0;101.0;705.0
1998M01;18364.0;0.0;0.0;2737.0;50.0;457.0;1480.0;26.0;82.0;642.0
1997M12;16767.0;0.0;0.0;2008.0;11.0;370.0;1013.0;31.0;62.0;521.0
1997M11;15233.0;0.0;0.0;1651.0;9.0;315.0;811.0;24.0;51.0;441.0
1997M10;14492.0;0.0;0.0;1417.0;4.0;257.0;725.0;23.0;42.0;366.0
1997M09;13628.0;0.0;0.0;1281.0;0.0;219.0;675.0;16.0;46.0;325.0
1997M08;14533.0;0.0;0.0;1584.0;0.0;285.0;802.0;29.0;52.0;416.0
1997M07;14381.0;0.0;0.0;1459.0;1.0;250.0;762.0;31.0;66.0;349.0
1997M06;13763.0;0.0;0.0;1387.0;2.0;249.0;732.0;22.0;63.0;319.0
1997M05;14686.0;0.0;0.0;1609.0;1.0;283.0;849.0;26.0;68.0;382.0
1997M04;15122.0;0.0;0.0;1879.0;8.0;310.0;1049.0;22.0;59.0;431.0
1997M03;16333.0;0.0;0.0;2213.0;9.0;368.0;1247.0;29.0;65.0;495.0
1997M02;15976.0;0.0;0.0;2352.0;28.0;386.0;1325.0;27.0;81.0;505.0
1997M01;20181.0;0.0;0.0;3269.0;70.0;569.0;1754.0;47.0;113.0;716.0
1996M12;17980.0;0.0;0.0;2569.0;38.0;438.0;1368.0;40.0;107.0;578.0
1996M11;15526.0;0.0;0.0;1790.0;14.0;292.0;933.0;32.0;75.0;444.0
1996M10;14891.0;0.0;0.0;1523.0;10.0;298.0;762.0;15.0;59.0;379.0
1996M09;13978.0;0.0;0.0;1410.0;2.0;216.0;755.0;22.0;48.0;367.0
1996M08;14203.0;0.0;0.0;1469.0;0.0;259.0;736.0;29.0;62.0;383.0
1996M07;15039.0;0.0;0.0;1526.0;2.0;263.0;782.0;27.0;59.0;393.0
1996M06;14213.0;0.0;0.0;1566.0;0.0;253.0;839.0;27.0;53.0;394.0
1996M05;15140.0;0.0;0.0;1651.0;5.0;284.0;878.0;28.0;66.0;390.0
1996M04;15027.0;0.0;0.0;1852.0;7.0;302.0;1010.0;29.0;82.0;422.0
1996M03;17084.0;0.0;0.0;2183.0;10.0;353.0;1212.0;34.0;88.0;486.0
1996M02;16130.0;0.0;0.0;2117.0;16.0;345.0;1211.0;22.0;75.0;448.0
1996M01;17690.0;0.0;0.0;2588.0;53.0;439.0;1393.0;38.0;101.0;564.0
1995M12;18094.0;0.0;0.0;2491.0;39.0;427.0;1341.0;51.0;92.0;541.0
1995M11;14775.0;0.0;0.0;1520.0;3.0;268.0;820.0;25.0;49.0;355.0
1995M10;14527.0;0.0;0.0;1501.0;6.0;273.0;762.0;16.0;61.0;383.0
1995M09;13648.0;0.0;0.0;1326.0;2.0;267.0;659.0;18.0;54.0;326.0
1995M08;14496.0;0.0;0.0;1452.0;1.0;299.0;716.0;24.0;47.0;365.0
1995M07;15358.0;0.0;0.0;1512.0;1.0;278.0;777.0;22.0;63.0;371.0
1995M06;13820.0;0.0;0.0;1377.0;1.0;240.0;728.0;27.0;49.0;332.0
1995M05;14653.0;0.0;0.0;1649.0;2.0;284.0;902.0;27.0;58.0;376.0
1995M04;15223.0;0.0;0.0;1842.0;8.0;305.0;1026.0;32.0;72.0;399.0
1995M03;16955.0;0.0;0.0;2191.0;30.0;366.0;1220.0;30.0;79.0;466.0
1995M02;15317.0;0.0;0.0;2169.0;26.0;342.0;1204.0;44.0;68.0;485.0
1995M01;17622.0;0.0;0.0;2354.0;24.0;400.0;1278.0;40.0;78.0;534.0
1994M12;16193.0;0.0;0.0;1641.0;8.0;298.0;864.0;35.0;64.0;372.0
1994M11;14364.0;0.0;0.0;1478.0;6.0;256.0;784.0;30.0;62.0;340.0
1994M10;14689.0;0.0;0.0;1486.0;9.0;253.0;774.0;27.0;51.0;372.0
1994M09;13484.0;0.0;0.0;1271.0;1.0;202.0;650.0;36.0;37.0;345.0
1994M08;14568.0;0.0;0.0;1486.0;0.0;254.0;731.0;39.0;78.0;384.0
1994M07;15168.0;0.0;0.0;1555.0;1.0;326.0;753.0;37.0;65.0;373.0
1994M06;13613.0;0.0;0.0;1368.0;3.0;223.0;734.0;24.0;61.0;323.0
1994M05;14181.0;0.0;0.0;1544.0;4.0;268.0;831.0;23.0;67.0;351.0
1994M04;14414.0;0.0;0.0;1515.0;3.0;263.0;802.0;27.0;58.0;362.0
1994M03;15234.0;0.0;0.0;1634.0;9.0;292.0;890.0;33.0;69.0;341.0
1994M02;15541.0;0.0;0.0;2090.0;20.0;371.0;1133.0;37.0;71.0;458.0
1994M01;18475.0;0.0;0.0;2753.0;50.0;468.0;1517.0;53.0;75.0;590.0
1993M12;16854.0;0.0;0.0;2149.0;21.0;398.0;1127.0;47.0;77.0;479.0
1993M11;14754.0;0.0;0.0;1599.0;5.0;313.0;841.0;24.0;54.0;362.0
1993M10;14869.0;0.0;0.0;1503.0;7.0;287.0;742.0;29.0;61.0;377.0
1993M09;13110.0;0.0;0.0;1151.0;1.0;197.0;585.0;16.0;64.0;288.0
1993M08;14007.0;0.0;0.0;1424.0;1.0;259.0;685.0;16.0;65.0;398.0
1993M07;13993.0;0.0;0.0;1316.0;0.0;236.0;641.0;31.0;78.0;330.0
1993M06;13507.0;0.0;0.0;1342.0;4.0;253.0;663.0;29.0;55.0;338.0
1993M05;14148.0;0.0;0.0;1485.0;3.0;242.0;802.0;31.0;62.0;345.0
1993M04;14791.0;0.0;0.0;1780.0;12.0;280.0;964.0;36.0;90.0;398.0
1993M03;17667.0;0.0;0.0;2615.0;46.0;432.0;1404.0;43.0;98.0;592.0
1993M02;15540.0;0.0;0.0;2096.0;24.0;339.0;1119.0;26.0;88.0;500.0
1993M01;17272.0;0.0;0.0;2175.0;23.0;422.0;1068.0;46.0;107.0;509.0
1992M12;15478.0;0.0;0.0;1610.0;5.0;257.0;816.0;35.0;87.0;410.0
1992M11;14328.0;0.0;0.0;1406.0;3.0;270.0;715.0;32.0;65.0;321.0
1992M10;14688.0;0.0;0.0;1392.0;5.0;257.0;690.0;23.0;56.0;361.0
1992M09;12888.0;0.0;0.0;1126.0;0.0;186.0;547.0;33.0;54.0;306.0
1992M08;13998.0;0.0;0.0;1313.0;1.0;302.0;616.0;31.0;67.0;296.0
1992M07;14337.0;0.0;0.0;1381.0;4.0;232.0;688.0;19.0;56.0;382.0
1992M06;13262.0;0.0;0.0;1249.0;3.0;206.0;623.0;30.0;46.0;341.0
1992M05;14040.0;0.0;0.0;1472.0;6.0;255.0;779.0;33.0;52.0;347.0
1992M04;14315.0;0.0;0.0;1664.0;4.0;255.0;879.0;38.0;72.0;416.0
1992M03;15570.0;0.0;0.0;1852.0;6.0;299.0;987.0;45.0;80.0;435.0
1992M02;15805.0;0.0;0.0;2140.0;26.0;364.0;1153.0;48.0;92.0;457.0
1992M01;18378.0;0.0;0.0;2716.0;39.0;454.0;1435.0;56.0;105.0;627.0
1991M12;16450.0;0.0;0.0;2067.0;25.0;361.0;1029.0;39.0;100.0;513.0
1991M11;14893.0;0.0;0.0;1553.0;9.0;277.0;772.0;32.0;61.0;402.0
1991M10;14587.0;0.0;0.0;1515.0;8.0;271.0;738.0;40.0;60.0;398.0
1991M09;12954.0;0.0;0.0;1197.0;4.0;203.0;595.0;20.0;55.0;320.0
1991M08;14215.0;0.0;0.0;1436.0;1.0;285.0;684.0;29.0;79.0;358.0
1991M07;14476.0;0.0;0.0;1385.0;0.0;228.0;696.0;22.0;59.0;380.0
1991M06;13439.0;0.0;0.0;1325.0;4.0;214.0;710.0;34.0;52.0;311.0
1991M05;14644.0;0.0;0.0;1581.0;4.0;241.0;816.0;41.0;64.0;415.0
1991M04;14589.0;0.0;0.0;1743.0;8.0;284.0;915.0;38.0;69.0;429.0
1991M03;16139.0;0.0;0.0;2059.0;29.0;319.0;1104.0;45.0;79.0;483.0
1991M02;15871.0;0.0;0.0;2152.0;30.0;340.0;1121.0;51.0;101.0;509.0
1991M01;17087.0;0.0;0.0;2201.0;29.0;349.0;1170.0;60.0;95.0;498.0
1990M12;17359.0;0.0;0.0;2057.0;24.0;349.0;1011.0;55.0;121.0;497.0
1990M11;14381.0;0.0;0.0;1544.0;10.0;316.0;770.0;38.0;61.0;349.0
1990M10;13940.0;0.0;0.0;1334.0;6.0;247.0;644.0;19.0;69.0;349.0
1990M09;12939.0;0.0;0.0;1168.0;3.0;233.0;517.0;39.0;73.0;303.0
1990M08;13730.0;0.0;0.0;1402.0;2.0;270.0;667.0;46.0;66.0;351.0
1990M07;14481.0;0.0;0.0;1503.0;2.0;291.0;705.0;35.0;71.0;399.0
1990M06;13057.0;0.0;0.0;1293.0;5.0;234.0;636.0;33.0;64.0;321.0
1990M05;13688.0;0.0;0.0;1504.0;4.0;245.0;771.0;40.0;81.0;363.0
1990M04;14209.0;0.0;0.0;1676.0;18.0;312.0;790.0;39.0;81.0;436.0
1990M03;14979.0;0.0;0.0;1778.0;27.0;277.0;944.0;27.0;96.0;407.0
1990M02;15306.0;0.0;0.0;2420.0;101.0;461.0;1144.0;56.0;121.0;537.0
1990M01;18710.0;0.0;0.0;2992.0;119.0;561.0;1431.0;65.0;142.0;674.0
1989M12;15294.0;0.0;0.0;1721.0;10.0;305.0;867.0;46.0;112.0;381.0
1989M11;14283.0;0.0;0.0;1477.0;13.0;309.0;696.0;48.0;73.0;338.0
1989M10;13819.0;0.0;0.0;1313.0;6.0;263.0;601.0;34.0;63.0;346.0
1989M09;12848.0;0.0;0.0;1204.0;1.0;235.0;550.0;34.0;68.0;316.0
1989M08;13909.0;0.0;0.0;1388.0;6.0;310.0;596.0;38.0;81.0;357.0
1989M07;14319.0;0.0;0.0;1416.0;1.0;257.0;672.0;31.0;90.0;365.0
1989M06;13364.0;0.0;0.0;1317.0;2.0;231.0;653.0;41.0;70.0;320.0
1989M05;13982.0;0.0;0.0;1506.0;5.0;258.0;748.0;41.0;65.0;389.0
1989M04;13841.0;0.0;0.0;1508.0;8.0;277.0;743.0;47.0;60.0;373.0
1989M03;14706.0;0.0;0.0;1695.0;13.0;292.0;877.0;56.0;81.0;376.0
1989M02;14610.0;0.0;0.0;1902.0;33.0;369.0;968.0;52.0;94.0;386.0
1989M01;17389.0;0.0;0.0;2526.0;88.0;432.0;1229.0;63.0;112.0;602.0
1988M12;17226.0;0.0;0.0;2309.0;67.0;439.0;1063.0;61.0;129.0;550.0
1988M11;13732.0;0.0;0.0;1303.0;7.0;278.0;625.0;31.0;62.0;300.0
1988M10;13435.0;0.0;0.0;1320.0;5.0;237.0;646.0;34.0;76.0;322.0
1988M09;12781.0;0.0;0.0;1088.0;1.0;214.0;529.0;22.0;51.0;271.0
1988M08;13554.0;0.0;0.0;1345.0;2.0;260.0;623.0;43.0;84.0;333.0
1988M07;13604.0;0.0;0.0;1299.0;3.0;272.0;605.0;35.0;69.0;315.0
1988M06;12667.0;0.0;0.0;1226.0;2.0;242.0;562.0;41.0;51.0;328.0
1988M05;13249.0;0.0;0.0;1278.0;11.0;233.0;611.0;24.0;73.0;326.0
1988M04;13388.0;0.0;0.0;1563.0;19.0;261.0;790.0;44.0;80.0;369.0
1988M03;15750.0;0.0;0.0;1955.0;35.0;381.0;933.0;59.0;86.0;461.0
1988M02;14076.0;0.0;0.0;1516.0;13.0;285.0;751.0;39.0;64.0;364.0
1988M01;15272.0;0.0;0.0;1675.0;12.0;343.0;837.0;56.0;61.0;366.0
1987M12;14917.0;0.0;0.0;1565.0;15.0;314.0;732.0;53.0;78.0;373.0
1987M11;13715.0;0.0;0.0;1443.0;12.0;283.0;663.0;36.0;66.0;383.0
1987M10;13672.0;0.0;0.0;1249.0;7.0;290.0;543.0;40.0;64.0;305.0
1987M09;12508.0;0.0;0.0;1140.0;4.0;244.0;503.0;42.0;62.0;285.0
1987M08;13527.0;0.0;0.0;1302.0;1.0;299.0;528.0;47.0;81.0;346.0
1987M07;13084.0;0.0;0.0;1250.0;5.0;274.0;515.0;42.0;65.0;349.0
1987M06;12571.0;0.0;0.0;1164.0;7.0;256.0;521.0;39.0;64.0;277.0
1987M05;12961.0;0.0;0.0;1175.0;5.0;261.0;526.0;38.0;53.0;292.0
1987M04;13097.0;0.0;0.0;1354.0;10.0;284.0;616.0;42.0;68.0;334.0
1987M03;13783.0;0.0;0.0;1497.0;21.0;318.0;690.0;50.0;61.0;357.0
1987M02;13595.0;0.0;0.0;1659.0;40.0;354.0;786.0;43.0;65.0;371.0
1987M01;16461.0;0.0;0.0;2212.0;87.0;454.0;980.0;57.0;75.0;559.0
1986M12;14470.0;0.0;0.0;1501.0;10.0;345.0;643.0;46.0;84.0;373.0
1986M11;13512.0;0.0;0.0;1353.0;9.0;325.0;571.0;41.0;77.0;330.0
1986M10;12594.0;0.0;0.0;1183.0;5.0;287.0;490.0;45.0;67.0;289.0
1986M09;11934.0;0.0;0.0;981.0;3.0;259.0;385.0;37.0;54.0;243.0
1986M08;12435.0;0.0;0.0;1035.0;0.0;256.0;391.0;42.0;62.0;284.0
1986M07;12645.0;0.0;0.0;1114.0;5.0;249.0;457.0;41.0;52.0;310.0
1986M06;12054.0;0.0;0.0;1071.0;3.0;223.0;442.0;42.0;67.0;294.0
1986M05;12992.0;0.0;0.0;1266.0;6.0;279.0;546.0;49.0;67.0;319.0
1986M04;13350.0;0.0;0.0;1402.0;19.0;306.0;649.0;42.0;65.0;321.0
1986M03;14127.0;0.0;0.0;1587.0;33.0;344.0;705.0;60.0;93.0;352.0
1986M02;15028.0;0.0;0.0;2100.0;88.0;453.0;925.0;88.0;95.0;451.0
1986M01;17820.0;0.0;0.0;2797.0;143.0;651.0;1162.0;73.0;130.0;638.0
1985M12;16216.0;0.0;0.0;2137.0;61.0;485.0;888.0;67.0;117.0;519.0
1985M11;14088.0;0.0;0.0;1455.0;12.0;340.0;601.0;40.0;94.0;368.0
1985M10;12511.0;0.0;0.0;1219.0;7.0;290.0;514.0;52.0;86.0;270.0
1985M09;11825.0;0.0;0.0;1098.0;2.0;258.0;437.0;29.0;67.0;305.0
1985M08;12705.0;0.0;0.0;1229.0;4.0;248.0;481.0;41.0;85.0;370.0
1985M07;12953.0;0.0;0.0;1261.0;3.0;309.0;485.0;49.0;68.0;347.0
1985M06;12086.0;0.0;0.0;1225.0;8.0;286.0;504.0;54.0;65.0;308.0
1985M05;13387.0;0.0;0.0;1371.0;23.0;289.0;532.0;72.0;73.0;382.0
1985M04;13587.0;0.0;0.0;1700.0;33.0;349.0;747.0;55.0;95.0;421.0
1985M03;14821.0;0.0;0.0;1844.0;39.0;382.0;792.0;69.0;82.0;480.0
1985M02;13472.0;0.0;0.0;1534.0;16.0;354.0;681.0;56.0;64.0;363.0
1985M01;17183.0;0.0;0.0;2124.0;47.0;522.0;872.0;80.0;76.0;527.0
1984M12;14201.0;0.0;0.0;1459.0;26.0;343.0;577.0;62.0;69.0;382.0
1984M11;13121.0;0.0;0.0;1297.0;20.0;342.0;494.0;62.0;69.0;310.0
1984M10;12934.0;0.0;0.0;1271.0;13.0;299.0;478.0;40.0;61.0;380.0
1984M09;11591.0;0.0;0.0;1013.0;5.0;233.0;391.0;49.0;73.0;262.0
1984M08;11917.0;0.0;0.0;1083.0;4.0;237.0;413.0;61.0;73.0;295.0
1984M07;12854.0;0.0;0.0;1191.0;3.0;245.0;462.0;57.0;65.0;359.0
1984M06;12427.0;0.0;0.0;1211.0;8.0;231.0;502.0;53.0;64.0;353.0
1984M05;12842.0;0.0;0.0;1281.0;17.0;282.0;526.0;59.0;88.0;309.0
1984M04;13142.0;0.0;0.0;1553.0;56.0;353.0;591.0;71.0;80.0;402.0
1984M03;15218.0;0.0;0.0;1855.0;44.0;454.0;695.0;78.0;94.0;490.0
1984M02;13432.0;0.0;0.0;1474.0;19.0;378.0;533.0;56.0;66.0;422.0
1984M01;14836.0;0.0;0.0;1606.0;34.0;411.0;542.0;67.0;84.0;468.0
1983M12;14488.0;0.0;0.0;1516.0;34.0;415.0;529.0;61.0;62.0;415.0
1983M11;12679.0;0.0;0.0;1191.0;23.0;317.0;377.0;53.0;61.0;360.0
1983M10;11856.0;0.0;0.0;1002.0;9.0;273.0;275.0;41.0;63.0;341.0
1983M09;11352.0;0.0;0.0;950.0;7.0;246.0;263.0;41.0;64.0;329.0
1983M08;11753.0;0.0;0.0;1040.0;5.0;251.0;344.0;55.0;53.0;332.0
1983M07;12364.0;0.0;0.0;1115.0;4.0;279.0;336.0;70.0;67.0;359.0
1983M06;11750.0;0.0;0.0;1093.0;4.0;276.0;354.0;56.0;73.0;330.0
1983M05;12506.0;0.0;0.0;1211.0;9.0;282.0;463.0;66.0;58.0;333.0
1983M04;12390.0;0.0;0.0;1299.0;25.0;298.0;436.0;70.0;60.0;410.0
1983M03;13365.0;0.0;0.0;1506.0;55.0;345.0;519.0;76.0;67.0;444.0
1983M02;15762.0;0.0;0.0;2362.0;187.0;603.0;731.0;108.0;107.0;626.0
1983M01;18110.0;0.0;0.0;2896.0;278.0;664.0;913.0;136.0;137.0;768.0
1982M12;15484.0;0.0;0.0;1972.0;91.0;526.0;578.0;80.0;85.0;612.0
1982M11;12870.0;0.0;0.0;1330.0;33.0;365.0;373.0;71.0;77.0;411.0
1982M10;12696.0;0.0;0.0;1188.0;16.0;331.0;326.0;68.0;56.0;391.0
1982M09;10583.0;0.0;0.0;921.0;5.0;250.0;255.0;42.0;55.0;314.0
1982M08;11840.0;0.0;0.0;1051.0;4.0;262.0;300.0;54.0;59.0;372.0
1982M07;12361.0;0.0;0.0;1148.0;7.0;338.0;335.0;52.0;67.0;349.0
1982M06;11635.0;0.0;0.0;1118.0;8.0;303.0;318.0;40.0;50.0;399.0
1982M05;12141.0;0.0;0.0;1137.0;10.0;264.0;359.0;62.0;47.0;395.0
1982M04;12234.0;0.0;0.0;1235.0;15.0;312.0;375.0;59.0;57.0;417.0
1982M03;12888.0;0.0;0.0;1339.0;13.0;322.0;443.0;97.0;48.0;416.0
1982M02;12611.0;0.0;0.0;1419.0;29.0;360.0;444.0;79.0;38.0;469.0
1982M01;13705.0;0.0;0.0;1428.0;21.0;366.0;436.0;76.0;62.0;467.0
1981M12;13958.0;0.0;0.0;1455.0;31.0;367.0;449.0;86.0;61.0;461.0
1981M11;12290.0;0.0;0.0;1178.0;16.0;347.0;359.0;52.0;49.0;355.0
1981M10;11941.0;0.0;0.0;1095.0;17.0;323.0;313.0;54.0;49.0;339.0
1981M09;10665.0;0.0;0.0;859.0;4.0;216.0;243.0;53.0;54.0;289.0
1981M08;11441.0;0.0;0.0;968.0;4.0;262.0;263.0;64.0;72.0;303.0
1981M07;12028.0;0.0;0.0;964.0;5.0;271.0;274.0;50.0;56.0;308.0
1981M06;12226.0;0.0;0.0;1111.0;12.0;311.0;294.0;54.0;80.0;360.0
1981M05;12317.0;0.0;0.0;1217.0;25.0;301.0;362.0;68.0;39.0;422.0
1981M04;12227.0;0.0;0.0;1241.0;18.0;378.0;320.0;67.0;59.0;399.0
1981M03;13447.0;0.0;0.0;1609.0;57.0;495.0;445.0;95.0;73.0;444.0
1981M02;13703.0;0.0;0.0;1911.0;138.0;552.0;480.0;114.0;67.0;560.0
1981M01;18194.0;0.0;0.0;3166.0;488.0;849.0;803.0;142.0;117.0;767.0
1980M12;16804.0;0.0;0.0;2393.0;149.0;665.0;666.0;141.0;56.0;716.0
1980M11;12614.0;0.0;0.0;1288.0;29.0;416.0;360.0;76.0;60.0;347.0
1980M10;12330.0;0.0;0.0;1195.0;18.0;405.0;325.0;73.0;45.0;329.0
1980M09;11255.0;0.0;0.0;914.0;6.0;277.0;237.0;50.0;43.0;301.0
1980M08;11847.0;0.0;0.0;1095.0;10.0;356.0;261.0;71.0;38.0;359.0
1980M07;11828.0;0.0;0.0;1068.0;9.0;326.0;256.0;68.0;54.0;355.0
1980M06;11233.0;0.0;0.0;1026.0;22.0;302.0;243.0;55.0;35.0;369.0
1980M05;12002.0;0.0;0.0;1195.0;15.0;335.0;331.0;83.0;41.0;390.0
1980M04;11780.0;0.0;0.0;1231.0;19.0;361.0;363.0;79.0;43.0;366.0
1980M03;13278.0;0.0;0.0;1381.0;27.0;429.0;360.0;86.0;44.0;435.0
1980M02;12421.0;0.0;0.0;1404.0;22.0;415.0;376.0;89.0;53.0;449.0
1980M01;14833.0;0.0;0.0;1768.0;63.0;518.0;457.0;122.0;62.0;546.0
2020M12;20210.0;2882.0;53.0;1158.0;1.0;251.0;202.0;49.0;89.0;566.0
2020M11;20480.0;4578.0;90.0;1098.0;0.0;221.0;187.0;45.0;82.0;563.0
2020M10;19096.0;2729.0;80.0;1107.0;0.0;242.0;208.0;51.0;79.0;527.0
2020M09;16749.0;1573.0;92.0;1122.0;0.0;258.0;197.0;49.0;67.0;551.0
2020M08;18159.0;644.0;121.0;1251.0;1.0;289.0;200.0;40.0;81.0;640.0
2020M07;17407.0;171.0;115.0;1206.0;2.0;241.0;183.0;38.0;89.0;653.0
2020M06;15317.0;247.0;71.0;1000.0;0.0;203.0;178.0;36.0;62.0;521.0
2020M05;17597.0;1709.0;396.0;1090.0;0.0;263.0;178.0;39.0;68.0;542.0
2020M04;31788.0;8932.0;4865.0;1697.0;9.0;357.0;304.0;70.0;108.0;849.0
2020M03;27583.0;4395.0;2179.0;2704.0;97.0;594.0;416.0;129.0;156.0;1312.0
2020M02;18212.0;0.0;0.0;2311.0;190.0;520.0;318.0;78.0;106.0;1099.0
2020M01;21514.0;0.0;0.0;2844.0;148.0;625.0;383.0;112.0;125.0;1451.0
2019M12;18070.0;0.0;0.0;1917.0;10.0;411.0;272.0;83.0;136.0;1005.0
2019M11;16892.0;0.0;0.0;1551.0;3.0;328.0;230.0;57.0;91.0;842.0
2019M10;16054.0;0.0;0.0;1338.0;2.0;289.0;199.0;39.0;106.0;703.0
2019M09;14507.0;0.0;0.0;1111.0;2.0;237.0;164.0;49.0;83.0;576.0
2019M08;15590.0;0.0;0.0;1192.0;0.0;229.0;194.0;50.0;85.0;634.0
2019M07;16668.0;0.0;0.0;1412.0;0.0;265.0;217.0;54.0;98.0;778.0
2019M06;15576.0;0.0;0.0;1311.0;1.0;287.0;198.0;50.0;82.0;693.0
2019M05;16660.0;0.0;0.0;1659.0;6.0;338.0;271.0;70.0;116.0;858.0
2019M04;16699.0;0.0;0.0;1735.0;31.0;372.0;292.0;72.0;83.0;885.0
2019M03;18238.0;0.0;0.0;2158.0;158.0;492.0;257.0;89.0;120.0;1042.0
2019M02;18728.0;0.0;0.0;2746.0;328.0;584.0;350.0;112.0;122.0;1250.0
2019M01;22338.0;0.0;0.0;3241.0;238.0;715.0;422.0;110.0;146.0;1610.0
2018M12;18206.0;0.0;0.0;2046.0;15.0;393.0;297.0;69.0;117.0;1155.0
2018M11;16846.0;0.0;0.0;1629.0;3.0;332.0;221.0;60.0;94.0;919.0
2018M10;16072.0;0.0;0.0;1435.0;1.0;307.0;195.0;43.0;80.0;809.0
2018M09;14526.0;0.0;0.0;1213.0;0.0;230.0;178.0;36.0;61.0;708.0
2018M08;16392.0;0.0;0.0;1396.0;1.0;245.0;190.0;61.0;76.0;823.0
2018M07;15769.0;0.0;0.0;1344.0;0.0;245.0;188.0;54.0;95.0;762.0
2018M06;15684.0;0.0;0.0;1499.0;3.0;299.0;191.0;55.0;93.0;858.0
2018M05;16345.0;0.0;0.0;1662.0;4.0;376.0;217.0;79.0;87.0;899.0
2018M04;17271.0;0.0;0.0;2123.0;34.0;462.0;260.0;85.0;123.0;1159.0
2018M03;19827.0;0.0;0.0;2618.0;137.0;569.0;308.0;103.0;115.0;1386.0
2018M02;19947.0;0.0;0.0;3049.0;283.0;618.0;376.0;125.0;129.0;1518.0
2018M01;24394.0;0.0;0.0;4488.0;548.0;909.0;462.0;160.0;155.0;2254.0
2017M12;20738.0;0.0;0.0;2679.0;74.0;580.0;376.0;113.0;126.0;1410.0
2017M11;16704.0;0.0;0.0;1589.0;2.0;343.0;224.0;57.0;83.0;880.0
2017M10;16045.0;0.0;0.0;1486.0;1.0;336.0;209.0;58.0;77.0;805.0
2017M09;14495.0;0.0;0.0;1204.0;0.0;240.0;188.0;48.0;75.0;653.0
2017M08;15878.0;0.0;0.0;1420.0;0.0;302.0;188.0;50.0;75.0;805.0
2017M07;15620.0;0.0;0.0;1230.0;1.0;242.0;209.0;44.0;74.0;660.0
2017M06;16043.0;0.0;0.0;1475.0;2.0;277.0;217.0;47.0;87.0;845.0
2017M05;16664.0;0.0;0.0;1594.0;2.0;309.0;251.0;72.0;81.0;879.0
2017M04;16379.0;0.0;0.0;1712.0;5.0;380.0;270.0;64.0;98.0;895.0
2017M03;17622.0;0.0;0.0;1894.0;32.0;389.0;282.0;81.0;126.0;984.0
2017M02;18952.0;0.0;0.0;2601.0;128.0;587.0;344.0;112.0;106.0;1324.0
2017M01;25147.0;0.0;0.0;4454.0;430.0;958.0;573.0;176.0;176.0;2141.0
2016M12;19295.0;0.0;0.0;2295.0;55.0;495.0;346.0;108.0;104.0;1187.0
2016M11;16586.0;0.0;0.0;1598.0;7.0;336.0;276.0;58.0;97.0;824.0
2016M10;15733.0;0.0;0.0;1455.0;0.0;301.0;225.0;44.0;99.0;786.0
2016M09;14634.0;0.0;0.0;1156.0;1.0;237.0;175.0;32.0;78.0;633.0
2016M08;15819.0;0.0;0.0;1383.0;1.0;255.0;194.0;45.0;96.0;792.0
2016M07;16260.0;0.0;0.0;1449.0;2.0;292.0;245.0;66.0;85.0;759.0
2016M06;15480.0;0.0;0.0;1373.0;1.0;265.0;193.0;55.0;82.0;777.0
2016M05;16116.0;0.0;0.0;1439.0;9.0;297.0;227.0;56.0;81.0;769.0
2016M04;16563.0;0.0;0.0;1837.0;55.0;433.0;271.0;85.0;98.0;895.0
2016M03;18836.0;0.0;0.0;2290.0;113.0;494.0;335.0;117.0;106.0;1125.0
2016M02;17353.0;0.0;0.0;2052.0;58.0;462.0;311.0;105.0;102.0;1014.0
2016M01;18943.0;0.0;0.0;2288.0;10.0;526.0;380.0;111.0;128.0;1133.0
2015M12;17781.0;0.0;0.0;1799.0;2.0;394.0;289.0;78.0;94.0;942.0
2015M11;15702.0;0.0;0.0;1433.0;0.0;300.0;198.0;55.0;103.0;777.0
2015M10;15361.0;0.0;0.0;1354.0;0.0;283.0;214.0;52.0;76.0;729.0
2015M09;14045.0;0.0;0.0;1073.0;0.0;221.0;159.0;50.0;81.0;562.0
2015M08;15289.0;0.0;0.0;1228.0;0.0;244.0;209.0;51.0;73.0;651.0
2015M07;18105.0;0.0;0.0;1736.0;0.0;313.0;265.0;61.0;121.0;976.0
2015M06;15075.0;0.0;0.0;1336.0;0.0;284.0;200.0;47.0;85.0;720.0
2015M05;15978.0;0.0;0.0;1541.0;0.0;330.0;252.0;62.0;67.0;830.0
2015M04;16553.0;0.0;0.0;1802.0;10.0;405.0;275.0;74.0;97.0;941.0
2015M03;19403.0;0.0;0.0;2487.0;47.0;577.0;383.0;97.0;122.0;1261.0
2015M02;21793.0;0.0;0.0;3482.0;142.0;816.0;467.0;158.0;170.0;1729.0
2015M01;24174.0;0.0;0.0;3647.0;69.0;813.0;539.0;154.0;174.0;1898.0
2014M12;18087.0;0.0;0.0;1890.0;4.0;388.0;312.0;91.0;117.0;978.0
2014M11;15958.0;0.0;0.0;1363.0;2.0;315.0;234.0;50.0;87.0;675.0
2014M10;15618.0;0.0;0.0;1390.0;2.0;295.0;235.0;51.0;79.0;728.0
2014M09;14217.0;0.0;0.0;1117.0;1.0;235.0;201.0;40.0;70.0;570.0
2014M08;14790.0;0.0;0.0;1189.0;2.0;234.0;209.0;56.0;89.0;599.0
2014M07;15279.0;0.0;0.0;1222.0;1.0;242.0;207.0;59.0;85.0;628.0
2014M06;14931.0;0.0;0.0;1336.0;0.0;275.0;250.0;44.0;75.0;692.0
2014M05;15243.0;0.0;0.0;1352.0;5.0;289.0;254.0;52.0;72.0;680.0
2014M04;15737.0;0.0;0.0;1559.0;7.0;360.0;267.0;59.0;86.0;780.0
2014M03;17326.0;0.0;0.0;1782.0;20.0;406.0;316.0;62.0;95.0;883.0
2014M02;17071.0;0.0;0.0;2073.0;89.0;445.0;355.0;95.0;118.0;971.0
2014M01;20002.0;0.0;0.0;2662.0;73.0;604.0;506.0;107.0;163.0;1209.0
2013M12;18246.0;0.0;0.0;1862.0;2.0;412.0;296.0;75.0;128.0;949.0
2013M11;15625.0;0.0;0.0;1401.0;1.0;331.0;237.0;55.0;90.0;687.0
2013M10;14683.0;0.0;0.0;1215.0;2.0;263.0;222.0;46.0;81.0;601.0
2013M09;13479.0;0.0;0.0;1030.0;0.0;224.0;189.0;30.0;71.0;516.0
2013M08;14720.0;0.0;0.0;1203.0;1.0;257.0;189.0;55.0;84.0;617.0
2013M07;15786.0;0.0;0.0;1446.0;0.0;326.0;248.0;64.0;79.0;729.0
2013M06;14605.0;0.0;0.0;1267.0;1.0;236.0;240.0;55.0;93.0;642.0
2013M05;15081.0;0.0;0.0;1347.0;1.0;317.0;240.0;46.0;99.0;644.0
2013M04;15460.0;0.0;0.0;1551.0;6.0;355.0;302.0;74.0;97.0;717.0
2013M03;18033.0;0.0;0.0;1943.0;19.0;436.0;347.0;84.0;110.0;947.0
2013M02;16712.0;0.0;0.0;1931.0;18.0;422.0;354.0;93.0;106.0;938.0
2013M01;18155.0;0.0;0.0;2064.0;5.0;437.0;381.0;88.0;128.0;1025.0
2012M12;16930.0;0.0;0.0;1765.0;2.0;413.0;338.0;72.0;114.0;826.0
2012M11;15445.0;0.0;0.0;1414.0;3.0;310.0;256.0;49.0;83.0;713.0
2012M10;14564.0;0.0;0.0;1239.0;3.0;258.0;221.0;47.0;87.0;623.0
2012M09;13381.0;0.0;0.0;1044.0;0.0;231.0;185.0;39.0;81.0;508.0
2012M08;14905.0;0.0;0.0;1241.0;0.0;239.0;205.0;42.0;98.0;657.0
2012M07;14361.0;0.0;0.0;1193.0;1.0;239.0;209.0;50.0;86.0;608.0
2012M06;14132.0;0.0;0.0;1193.0;2.0;241.0;231.0;49.0;97.0;573.0
2012M05;15602.0;0.0;0.0;1518.0;0.0;345.0;241.0;66.0;108.0;758.0
2012M04;16043.0;0.0;0.0;1654.0;3.0;367.0;307.0;74.0;99.0;804.0
2012M03;19573.0;0.0;0.0;2606.0;43.0;606.0;429.0;97.0;168.0;1263.0
2012M02;22249.0;0.0;0.0;3240.0;60.0;777.0;564.0;107.0;190.0;1542.0
2012M01;19845.0;0.0;0.0;2600.0;18.0;564.0;424.0;105.0;188.0;1301.0
2011M12;17483.0;0.0;0.0;1766.0;2.0;366.0;337.0;84.0;126.0;851.0
2011M11;15659.0;0.0;0.0;1479.0;0.0;320.0;260.0;44.0;106.0;749.0
2011M10;15293.0;0.0;0.0;1299.0;2.0;291.0;232.0;62.0;81.0;631.0
2011M09;13865.0;0.0;0.0;1099.0;0.0;246.0;215.0;36.0;83.0;519.0
2011M08;15036.0;0.0;0.0;1226.0;2.0;246.0;224.0;50.0;90.0;614.0
2011M07;14659.0;0.0;0.0;1169.0;1.0;265.0;209.0;47.0;106.0;541.0
2011M06;14261.0;0.0;0.0;1228.0;1.0;258.0;223.0;50.0;91.0;605.0
2011M05;14889.0;0.0;0.0;1282.0;1.0;291.0;254.0;65.0;98.0;573.0
2011M04;15136.0;0.0;0.0;1441.0;4.0;353.0;282.0;63.0;98.0;641.0
2011M03;16671.0;0.0;0.0;1655.0;13.0;407.0;321.0;68.0;124.0;722.0
2011M02;16478.0;0.0;0.0;1879.0;37.0;441.0;347.0;85.0;143.0;826.0
2011M01;18627.0;0.0;0.0;2202.0;45.0;517.0;427.0;100.0;153.0;960.0
2010M12;16931.0;0.0;0.0;1659.0;7.0;364.0;331.0;65.0;116.0;776.0
2010M11;15203.0;0.0;0.0;1388.0;1.0;328.0;248.0;67.0;87.0;657.0
2010M10;14979.0;0.0;0.0;1275.0;1.0;258.0;244.0;52.0;110.0;610.0
2010M09;13082.0;0.0;0.0;1050.0;1.0;244.0;190.0;43.0;82.0;490.0
2010M08;14245.0;0.0;0.0;1233.0;0.0;277.0;233.0;61.0;81.0;581.0
2010M07;15434.0;0.0;0.0;1395.0;0.0;303.0;264.0;70.0;90.0;668.0
2010M06;14018.0;0.0;0.0;1199.0;1.0;278.0;223.0;64.0;113.0;520.0
2010M05;14874.0;0.0;0.0;1232.0;1.0;242.0;253.0;70.0;104.0;562.0
2010M04;15133.0;0.0;0.0;1413.0;0.0;326.0;264.0;57.0;113.0;653.0
2010M03;16235.0;0.0;0.0;1521.0;0.0;336.0;303.0;83.0;112.0;687.0
2010M02;15826.0;0.0;0.0;1539.0;3.0;359.0;292.0;76.0;120.0;689.0
2010M01;17966.0;0.0;0.0;1911.0;15.0;439.0;376.0;103.0;134.0;844.0
2009M12;17219.0;0.0;0.0;1761.0;49.0;413.0;346.0;87.0;123.0;743.0
2009M11;14916.0;0.0;0.0;1432.0;35.0;306.0;262.0;72.0;105.0;652.0
2009M10;14841.0;0.0;0.0;1294.0;16.0;280.0;253.0;61.0;101.0;583.0
2009M09;13195.0;0.0;0.0;1009.0;6.0;219.0;198.0;46.0;66.0;474.0
2009M08;14710.0;0.0;0.0;1178.0;6.0;256.0;218.0;46.0;108.0;544.0
2009M07;14323.0;0.0;0.0;1166.0;1.0;240.0;236.0;52.0;97.0;540.0
2009M06;14256.0;0.0;0.0;1220.0;0.0;285.0;218.0;53.0;102.0;562.0
2009M05;15032.0;0.0;0.0;1391.0;0.0;335.0;241.0;56.0;126.0;633.0
2009M04;14901.0;0.0;0.0;1558.0;1.0;369.0;297.0;65.0;135.0;691.0
2009M03;15955.0;0.0;0.0;1667.0;1.0;422.0;279.0;72.0;131.0;762.0
2009M02;15808.0;0.0;0.0;1754.0;6.0;416.0;285.0;74.0;162.0;811.0
2009M01;20682.0;0.0;0.0;2923.0;33.0;703.0;425.0;88.0;271.0;1403.0
2008M12;17930.0;0.0;0.0;1979.0;7.0;499.0;346.0;57.0;178.0;892.0
2008M11;15356.0;0.0;0.0;1443.0;2.0;339.0;245.0;52.0;140.0;665.0
2008M10;14910.0;0.0;0.0;1326.0;2.0;311.0;212.0;41.0;126.0;634.0
2008M09;13050.0;0.0;0.0;1088.0;1.0;232.0;176.0;27.0;132.0;520.0
2008M08;14459.0;0.0;0.0;1220.0;0.0;272.0;191.0;39.0;135.0;583.0
2008M07;14722.0;0.0;0.0;1312.0;0.0;280.0;238.0;32.0;140.0;622.0
2008M06;14302.0;0.0;0.0;1236.0;2.0;289.0;193.0;32.0;130.0;590.0
2008M05;14357.0;0.0;0.0;1308.0;1.0;316.0;205.0;45.0;118.0;623.0
2008M04;15251.0;0.0;0.0;1488.0;6.0;337.0;258.0;61.0;147.0;679.0
2008M03;16990.0;0.0;0.0;1920.0;6.0;454.0;309.0;73.0;186.0;892.0
2008M02;16721.0;0.0;0.0;1982.0;12.0;440.0;362.0;63.0;174.0;931.0
2008M01;18629.0;0.0;0.0;2437.0;16.0;571.0;382.0;90.0;260.0;1118.0
2007M12;17418.0;0.0;0.0;1910.0;8.0;429.0;321.0;60.0;176.0;916.0
2007M11;15706.0;0.0;0.0;1606.0;4.0;363.0;299.0;44.0;166.0;730.0
2007M10;14434.0;0.0;0.0;1232.0;1.0;279.0;216.0;36.0;119.0;581.0
2007M09;12975.0;0.0;0.0;1011.0;0.0;222.0;167.0;42.0;109.0;471.0
2007M08;14002.0;0.0;0.0;1122.0;2.0;263.0;169.0;33.0;115.0;540.0
2007M07;14208.0;0.0;0.0;1196.0;0.0;255.0;186.0;41.0;150.0;564.0
2007M06;13696.0;0.0;0.0;1149.0;0.0;269.0;188.0;42.0;155.0;495.0
2007M05;14629.0;0.0;0.0;1419.0;1.0;285.0;250.0;48.0;172.0;663.0
2007M04;15261.0;0.0;0.0;1565.0;2.0;341.0;261.0;60.0;141.0;760.0
2007M03;16232.0;0.0;0.0;1713.0;3.0;366.0;343.0;74.0;178.0;749.0
2007M02;16755.0;0.0;0.0;2120.0;18.0;465.0;394.0;99.0;194.0;950.0
2007M01;18909.0;0.0;0.0;2421.0;7.0;567.0;436.0;105.0;230.0;1076.0
2006M12;16428.0;0.0;0.0;1748.0;3.0;426.0;296.0;73.0;186.0;764.0
2006M11;13945.0;0.0;0.0;1198.0;2.0;289.0;194.0;60.0;113.0;540.0
2006M10;13920.0;0.0;0.0;1189.0;1.0;287.0;215.0;19.0;137.0;530.0
2006M09;13089.0;0.0;0.0;1112.0;0.0;249.0;199.0;34.0;121.0;509.0
2006M08;13761.0;0.0;0.0;1134.0;0.0;243.0;191.0;27.0;115.0;558.0
2006M07;15619.0;0.0;0.0;1340.0;1.0;298.0;219.0;33.0;141.0;648.0
2006M06;13659.0;0.0;0.0;1114.0;0.0;241.0;214.0;31.0;106.0;522.0
2006M05;14197.0;0.0;0.0;1281.0;0.0;283.0;205.0;41.0;109.0;643.0
2006M04;14098.0;0.0;0.0;1338.0;2.0;277.0;268.0;58.0;130.0;603.0
2006M03;16197.0;0.0;0.0;1701.0;4.0;379.0;313.0;76.0;171.0;758.0
2006M02;15124.0;0.0;0.0;1512.0;9.0;337.0;309.0;58.0;144.0;655.0
2006M01;17287.0;0.0;0.0;1843.0;12.0;423.0;359.0;71.0;165.0;813.0
2005M12;16237.0;0.0;0.0;1578.0;1.0;334.0;315.0;47.0;170.0;711.0
2005M11;13903.0;0.0;0.0;1183.0;4.0;276.0;242.0;44.0;112.0;505.0
2005M10;13636.0;0.0;0.0;1174.0;2.0;260.0;207.0;33.0;111.0;561.0
2005M09;12301.0;0.0;0.0;857.0;3.0;195.0;162.0;31.0;84.0;382.0
2005M08;13125.0;0.0;0.0;981.0;0.0;220.0;164.0;43.0;106.0;448.0
2005M07;13708.0;0.0;0.0;1082.0;1.0;222.0;198.0;33.0;95.0;533.0
2005M06;13680.0;0.0;0.0;1145.0;1.0;265.0;204.0;42.0;99.0;534.0
2005M05;14087.0;0.0;0.0;1298.0;1.0;280.0;256.0;45.0;110.0;606.0
2005M04;14433.0;0.0;0.0;1477.0;2.0;339.0;272.0;77.0;118.0;669.0
2005M03;18199.0;0.0;0.0;2332.0;33.0;567.0;435.0;84.0;213.0;1000.0
2005M02;18360.0;0.0;0.0;2575.0;64.0;617.0;515.0;113.0;210.0;1056.0
2005M01;23917.0;0.0;0.0;4224.0;249.0;918.0;800.0;165.0;296.0;1796.0
2004M12;17170.0;0.0;0.0;1854.0;11.0;407.0;353.0;79.0;160.0;844.0
2004M11;14641.0;0.0;0.0;1201.0;1.0;275.0;240.0;37.0;110.0;538.0
2004M10;14024.0;0.0;0.0;1132.0;3.0;252.0;232.0;51.0;114.0;480.0
2004M09;12538.0;0.0;0.0;893.0;2.0;190.0;177.0;32.0;93.0;399.0
2004M08;13810.0;0.0;0.0;1007.0;1.0;224.0;175.0;30.0;119.0;458.0
2004M07;13876.0;0.0;0.0;1044.0;1.0;231.0;209.0;34.0;115.0;454.0
2004M06;13315.0;0.0;0.0;1113.0;2.0;227.0;225.0;50.0;87.0;522.0
2004M05;14223.0;0.0;0.0;1198.0;4.0;263.0;243.0;54.0;100.0;534.0
2004M04;14455.0;0.0;0.0;1388.0;1.0;312.0;299.0;47.0;117.0;612.0
2004M03;16340.0;0.0;0.0;1569.0;7.0;325.0;356.0;79.0;144.0;658.0
2004M02;14933.0;0.0;0.0;1434.0;5.0;321.0;309.0;76.0;124.0;599.0
2004M01;17681.0;0.0;0.0;2134.0;21.0;482.0;440.0;107.0;186.0;898.0
2003M12;17279.0;0.0;0.0;2039.0;32.0;443.0;426.0;66.0;181.0;891.0
2003M11;15431.0;0.0;0.0;1668.0;24.0;353.0;356.0;73.0;139.0;723.0
2003M10;13877.0;0.0;0.0;1266.0;8.0;283.0;243.0;47.0;128.0;557.0
2003M09;12848.0;0.0;0.0;1045.0;0.0;240.0;180.0;42.0;100.0;483.0
2003M08;17684.0;0.0;0.0;1809.0;2.0;426.0;292.0;47.0;167.0;875.0
2003M07;15255.0;0.0;0.0;1309.0;0.0;312.0;239.0;45.0;108.0;605.0
2003M06;15718.0;0.0;0.0;1459.0;1.0;289.0;280.0;63.0;140.0;686.0
2003M05;14334.0;0.0;0.0;1301.0;1.0;277.0;263.0;61.0;111.0;588.0
2003M04;14670.0;0.0;0.0;1444.0;2.0;348.0;316.0;48.0;106.0;624.0
2003M03;15495.0;0.0;0.0;1553.0;8.0;303.0;336.0;53.0;154.0;699.0
2003M02;15381.0;0.0;0.0;1579.0;18.0;328.0;350.0;72.0;129.0;682.0
2003M01;16959.0;0.0;0.0;1865.0;21.0;366.0;425.0;77.0;160.0;816.0
2002M12;15704.0;0.0;0.0;1462.0;11.0;323.0;303.0;55.0;128.0;642.0
2002M11;13611.0;0.0;0.0;1090.0;3.0;242.0;227.0;44.0;91.0;483.0
2002M10;13614.0;0.0;0.0;1047.0;3.0;246.0;236.0;28.0;81.0;453.0
2002M09;12445.0;0.0;0.0;949.0;0.0;210.0;195.0;28.0;90.0;426.0
2002M08;12930.0;0.0;0.0;1043.0;0.0;231.0;226.0;31.0;92.0;463.0
2002M07;13569.0;0.0;0.0;1088.0;3.0;243.0;216.0;41.0;89.0;496.0
2002M06;13927.0;0.0;0.0;1185.0;2.0;265.0;268.0;51.0;103.0;496.0
2002M05;13703.0;0.0;0.0;1202.0;1.0;258.0;266.0;49.0;94.0;534.0
2002M04;14432.0;0.0;0.0;1306.0;4.0;298.0;298.0;58.0;102.0;546.0
2002M03;15781.0;0.0;0.0;1756.0;26.0;397.0;394.0;83.0;135.0;721.0
2002M02;16092.0;0.0;0.0;2002.0;62.0;447.0;470.0;95.0;140.0;788.0
2002M01;19541.0;0.0;0.0;2681.0;125.0;593.0;594.0;106.0;184.0;1079.0
2001M12;16806.0;0.0;0.0;1648.0;6.0;343.0;372.0;64.0;130.0;733.0
2001M11;14314.0;0.0;0.0;1171.0;5.0;249.0;264.0;35.0;101.0;517.0
2001M10;13326.0;0.0;0.0;1172.0;4.0;263.0;264.0;37.0;90.0;514.0
2001M09;12200.0;0.0;0.0;962.0;1.0;199.0;217.0;31.0;73.0;441.0
2001M08;14449.0;0.0;0.0;1173.0;1.0;244.0;246.0;36.0;103.0;543.0
2001M07;13694.0;0.0;0.0;1106.0;0.0;247.0;235.0;25.0;105.0;494.0
2001M06;13628.0;0.0;0.0;1240.0;3.0;309.0;271.0;39.0;95.0;523.0
2001M05;14442.0;0.0;0.0;1248.0;3.0;252.0;296.0;43.0;105.0;549.0
2001M04;13397.0;0.0;0.0;1154.0;1.0;268.0;260.0;43.0;89.0;493.0
2001M03;14987.0;0.0;0.0;1331.0;17.0;292.0;325.0;54.0;108.0;535.0
2001M02;13765.0;0.0;0.0;1323.0;8.0;303.0;333.0;55.0;98.0;526.0
2001M01;15409.0;0.0;0.0;1438.0;6.0;304.0;322.0;60.0;121.0;625.0
2000M12;14526.0;0.0;0.0;1299.0;7.0;275.0;308.0;42.0;173.0;494.0
2000M11;13660.0;0.0;0.0;1161.0;6.0;265.0;251.0;36.0;160.0;443.0
2000M10;13517.0;0.0;0.0;1058.0;10.0;222.0;244.0;33.0;150.0;399.0
2000M09;11911.0;0.0;0.0;935.0;1.0;198.0;197.0;30.0;119.0;390.0
2000M08;13449.0;0.0;0.0;1058.0;1.0;236.0;226.0;34.0;122.0;439.0
2000M07;13114.0;0.0;0.0;1058.0;3.0;224.0;232.0;33.0;141.0;425.0
2000M06;12997.0;0.0;0.0;1080.0;3.0;241.0;216.0;47.0;141.0;432.0
2000M05;13471.0;0.0;0.0;1174.0;7.0;266.0;271.0;47.0;138.0;445.0
2000M04;13851.0;0.0;0.0;1266.0;8.0;273.0;322.0;49.0;138.0;476.0
2000M03;14212.0;0.0;0.0;1420.0;21.0;303.0;360.0;56.0;163.0;517.0
2000M02;15402.0;0.0;0.0;1967.0;110.0;457.0;440.0;79.0;197.0;684.0
2000M01;20813.0;0.0;0.0;3376.0;296.0;730.0;722.0;125.0;345.0;1158.0
1999M12;16163.0;0.0;0.0;1746.0;50.0;336.0;449.0;68.0;190.0;653.0
1999M11;13633.0;0.0;0.0;1134.0;4.0;234.0;299.0;38.0;110.0;449.0
1999M10;13010.0;0.0;0.0;1042.0;13.0;235.0;248.0;35.0;119.0;392.0
1999M09;11981.0;0.0;0.0;936.0;1.0;212.0;216.0;33.0;101.0;373.0
1999M08;13352.0;0.0;0.0;1085.0;1.0;240.0;243.0;54.0;121.0;426.0
1999M07;13330.0;0.0;0.0;1104.0;5.0;245.0;228.0;46.0;135.0;445.0
1999M06;12080.0;0.0;0.0;949.0;2.0;213.0;234.0;29.0;113.0;358.0
1999M05;13131.0;0.0;0.0;1160.0;5.0;270.0;299.0;57.0;125.0;404.0
1999M04;13593.0;0.0;0.0;1304.0;20.0;269.0;358.0;53.0;154.0;450.0
1999M03;16526.0;0.0;0.0;2219.0;126.0;463.0;558.0;89.0;229.0;754.0
1999M02;19246.0;0.0;0.0;3148.0;308.0;675.0;728.0;133.0;268.0;1036.0
1999M01;19802.0;0.0;0.0;2900.0;237.0;625.0;684.0;130.0;271.0;953.0
1998M12;16351.0;0.0;0.0;1527.0;22.0;341.0;404.0;83.0;87.0;590.0
1998M11;13052.0;0.0;0.0;1045.0;9.0;261.0;260.0;43.0;63.0;409.0
1998M10;13195.0;0.0;0.0;1051.0;17.0;226.0;260.0;54.0;57.0;437.0
1998M09;12008.0;0.0;0.0;902.0;3.0;209.0;219.0;38.0;44.0;389.0
1998M08;13492.0;0.0;0.0;1112.0;5.0;261.0;261.0;35.0;56.0;494.0
1998M07;13673.0;0.0;0.0;1009.0;8.0;243.0;239.0;54.0;40.0;425.0
1998M06;12449.0;0.0;0.0;888.0;4.0;211.0;239.0;47.0;42.0;345.0
1998M05;13205.0;0.0;0.0;1070.0;4.0;257.0;283.0;35.0;58.0;433.0
1998M04;13711.0;0.0;0.0;1189.0;23.0;288.0;312.0;63.0;49.0;454.0
1998M03;15756.0;0.0;0.0;1781.0;75.0;432.0;475.0;89.0;70.0;640.0
1998M02;16669.0;0.0;0.0;2306.0;154.0;555.0;613.0;87.0;92.0;805.0
1998M01;16732.0;0.0;0.0;1928.0;74.0;460.0;525.0;93.0;92.0;684.0
1997M12;14885.0;0.0;0.0;1237.0;22.0;285.0;334.0;50.0;68.0;478.0
1997M11;13265.0;0.0;0.0;1032.0;6.0;278.0;273.0;46.0;53.0;376.0
1997M10;12290.0;0.0;0.0;914.0;3.0;231.0;230.0;42.0;45.0;363.0
1997M09;11672.0;0.0;0.0;831.0;1.0;193.0;228.0;33.0;46.0;330.0
1997M08;13230.0;0.0;0.0;1016.0;2.0;274.0;238.0;33.0;58.0;411.0
1997M07;12698.0;0.0;0.0;903.0;3.0;244.0;220.0;50.0;50.0;336.0
1997M06;12104.0;0.0;0.0;890.0;1.0;223.0;239.0;46.0;41.0;340.0
1997M05;13075.0;0.0;0.0;1007.0;6.0;228.0;295.0;55.0;51.0;372.0
1997M04;13374.0;0.0;0.0;1152.0;9.0;262.0;339.0;60.0;67.0;415.0
1997M03;14733.0;0.0;0.0;1452.0;22.0;329.0;429.0;67.0;81.0;524.0
1997M02;14344.0;0.0;0.0;1511.0;71.0;341.0;459.0;66.0;71.0;503.0
1997M01;18756.0;0.0;0.0;2465.0;146.0;588.0;701.0;116.0;129.0;785.0
1996M12;16126.0;0.0;0.0;1669.0;62.0;418.0;443.0;61.0;91.0;594.0
1996M11;13468.0;0.0;0.0;1090.0;15.0;261.0;321.0;48.0;49.0;396.0
1996M10;12985.0;0.0;0.0;971.0;13.0;269.0;249.0;43.0;54.0;343.0
1996M09;11894.0;0.0;0.0;854.0;2.0;193.0;230.0;46.0;48.0;335.0
1996M08;12280.0;0.0;0.0;866.0;3.0;220.0;225.0;42.0;54.0;322.0
1996M07;13101.0;0.0;0.0;925.0;0.0;222.0;236.0;49.0;59.0;359.0
1996M06;12616.0;0.0;0.0;958.0;2.0;232.0;232.0;50.0;47.0;395.0
1996M05;13109.0;0.0;0.0;973.0;3.0;245.0;275.0;40.0;42.0;368.0
1996M04;13065.0;0.0;0.0;1108.0;15.0;256.0;312.0;55.0;58.0;412.0
1996M03;15426.0;0.0;0.0;1420.0;24.0;333.0;417.0;68.0;79.0;499.0
1996M02;14385.0;0.0;0.0;1383.0;29.0;301.0;437.0;78.0;55.0;483.0
1996M01;16093.0;0.0;0.0;1853.0;110.0;452.0;507.0;94.0;85.0;605.0
1995M12;16215.0;0.0;0.0;1651.0;61.0;430.0;474.0;72.0;75.0;539.0
1995M11;12541.0;0.0;0.0;952.0;13.0;283.0;251.0;37.0;39.0;329.0
1995M10;12463.0;0.0;0.0;917.0;10.0;257.0;244.0;45.0;44.0;317.0
1995M09;11511.0;0.0;0.0;767.0;8.0;164.0;217.0;32.0;32.0;314.0
1995M08;12493.0;0.0;0.0;875.0;2.0;219.0;229.0;38.0;53.0;334.0
1995M07;13806.0;0.0;0.0;988.0;3.0;262.0;251.0;44.0;62.0;366.0
1995M06;11722.0;0.0;0.0;750.0;3.0;187.0;214.0;27.0;38.0;281.0
1995M05;12828.0;0.0;0.0;1004.0;6.0;250.0;308.0;49.0;36.0;355.0
1995M04;13263.0;0.0;0.0;1157.0;22.0;295.0;338.0;53.0;60.0;389.0
1995M03;14898.0;0.0;0.0;1341.0;42.0;334.0;426.0;44.0;52.0;443.0
1995M02;13834.0;0.0;0.0;1428.0;66.0;326.0;445.0;61.0;50.0;480.0
1995M01;16165.0;0.0;0.0;1495.0;37.0;347.0;459.0;57.0;74.0;521.0
1994M12;13774.0;0.0;0.0;995.0;4.0;222.0;325.0;45.0;54.0;345.0
1994M11;12392.0;0.0;0.0;858.0;14.0;197.0;287.0;39.0;39.0;282.0
1994M10;12606.0;0.0;0.0;944.0;10.0;248.0;290.0;45.0;39.0;312.0
1994M09;11247.0;0.0;0.0;732.0;3.0;185.0;195.0;28.0;36.0;285.0
1994M08;12840.0;0.0;0.0;887.0;2.0;258.0;227.0;35.0;56.0;309.0
1994M07;14300.0;0.0;0.0;1069.0;4.0;327.0;265.0;44.0;57.0;372.0
1994M06;11737.0;0.0;0.0;796.0;5.0;194.0;216.0;33.0;31.0;317.0
1994M05;12565.0;0.0;0.0;892.0;7.0;213.0;255.0;33.0;48.0;336.0
1994M04;12577.0;0.0;0.0;884.0;6.0;210.0;289.0;51.0;39.0;289.0
1994M03;13356.0;0.0;0.0;1083.0;12.0;264.0;342.0;58.0;57.0;350.0
1994M02;14075.0;0.0;0.0;1345.0;34.0;354.0;402.0;68.0;74.0;413.0
1994M01;16849.0;0.0;0.0;1924.0;85.0;513.0;584.0;83.0;87.0;572.0
1993M12;15176.0;0.0;0.0;1338.0;44.0;341.0;388.0;58.0;63.0;444.0
1993M11;12816.0;0.0;0.0;996.0;14.0;266.0;289.0;47.0;55.0;325.0
1993M10;12921.0;0.0;0.0;905.0;6.0;227.0;256.0;43.0;41.0;332.0
1993M09;11134.0;0.0;0.0;688.0;1.0;195.0;172.0;27.0;36.0;257.0
1993M08;12457.0;0.0;0.0;864.0;2.0;224.0;210.0;44.0;52.0;332.0
1993M07;12145.0;0.0;0.0;825.0;2.0;217.0;215.0;42.0;50.0;299.0
1993M06;11835.0;0.0;0.0;802.0;4.0;213.0;229.0;33.0;53.0;270.0
1993M05;12398.0;0.0;0.0;904.0;6.0;231.0;281.0;36.0;57.0;293.0
1993M04;13049.0;0.0;0.0;1123.0;30.0;275.0;332.0;65.0;74.0;347.0
1993M03;15822.0;0.0;0.0;1665.0;82.0;390.0;511.0;86.0;99.0;497.0
1993M02;14059.0;0.0;0.0;1439.0;58.0;371.0;424.0;65.0;78.0;443.0
1993M01;15337.0;0.0;0.0;1361.0;34.0;373.0;429.0;51.0;74.0;400.0
1992M12;13325.0;0.0;0.0;949.0;12.0;225.0;285.0;55.0;65.0;307.0
1992M11;11974.0;0.0;0.0;832.0;6.0;238.0;235.0;48.0;45.0;260.0
1992M10;12493.0;0.0;0.0;887.0;12.0;229.0;244.0;45.0;52.0;305.0
1992M09;10624.0;0.0;0.0;604.0;1.0;167.0;158.0;35.0;35.0;208.0
1992M08;12366.0;0.0;0.0;816.0;1.0;245.0;203.0;28.0;51.0;288.0
1992M07;12490.0;0.0;0.0;875.0;0.0;254.0;227.0;48.0;48.0;298.0
1992M06;11077.0;0.0;0.0;686.0;7.0;167.0;206.0;36.0;32.0;238.0
1992M05;12174.0;0.0;0.0;911.0;10.0;231.0;262.0;39.0;63.0;306.0
1992M04;12808.0;0.0;0.0;1038.0;15.0;293.0;304.0;45.0;57.0;324.0
1992M03;13605.0;0.0;0.0;1142.0;12.0;297.0;382.0;42.0;58.0;351.0
1992M02;14546.0;0.0;0.0;1414.0;25.0;376.0;438.0;61.0;68.0;446.0
1992M01;16946.0;0.0;0.0;1817.0;68.0;457.0;585.0;72.0;88.0;547.0
1991M12;14310.0;0.0;0.0;1259.0;53.0;299.0;375.0;49.0;71.0;412.0
1991M11;12788.0;0.0;0.0;1000.0;16.0;258.0;312.0;52.0;54.0;308.0
1991M10;12426.0;0.0;0.0;875.0;12.0;216.0;264.0;33.0;37.0;313.0
1991M09;10787.0;0.0;0.0;692.0;3.0;172.0;196.0;29.0;45.0;247.0
1991M08;12330.0;0.0;0.0;854.0;2.0;231.0;238.0;28.0;48.0;307.0
1991M07;13240.0;0.0;0.0;933.0;0.0;272.0;252.0;28.0;64.0;317.0
1991M06;11691.0;0.0;0.0;794.0;2.0;216.0;217.0;33.0;42.0;284.0
1991M05;12926.0;0.0;0.0;980.0;6.0;231.0;289.0;52.0;52.0;350.0
1991M04;12732.0;0.0;0.0;1053.0;17.0;240.0;332.0;57.0;58.0;349.0
1991M03;14856.0;0.0;0.0;1445.0;75.0;346.0;471.0;65.0;65.0;423.0
1991M02;15017.0;0.0;0.0;1533.0;66.0;351.0;485.0;67.0;97.0;467.0
1991M01;15244.0;0.0;0.0;1362.0;39.0;329.0;438.0;55.0;69.0;432.0
1990M12;15479.0;0.0;0.0;1281.0;21.0;298.0;378.0;55.0;83.0;446.0
1990M11;12329.0;0.0;0.0;912.0;16.0;229.0;250.0;51.0;63.0;303.0
1990M10;11801.0;0.0;0.0;825.0;9.0;206.0;242.0;44.0;36.0;288.0
1990M09;10783.0;0.0;0.0;730.0;3.0;203.0;162.0;35.0;40.0;287.0
1990M08;12168.0;0.0;0.0;884.0;1.0;231.0;226.0;57.0;60.0;309.0
1990M07;13277.0;0.0;0.0;1007.0;3.0;311.0;218.0;41.0;60.0;374.0
1990M06;11262.0;0.0;0.0;791.0;4.0;214.0;201.0;34.0;61.0;277.0
1990M05;12040.0;0.0;0.0;1049.0;8.0;292.0;290.0;46.0;76.0;337.0
1990M04;12398.0;0.0;0.0;1060.0;23.0;286.0;287.0;45.0;58.0;361.0
1990M03;13320.0;0.0;0.0;1170.0;40.0;296.0;355.0;49.0;64.0;366.0
1990M02;14223.0;0.0;0.0;1766.0;175.0;484.0;501.0;51.0;103.0;452.0
1990M01;17283.0;0.0;0.0;2053.0;208.0;499.0;533.0;88.0;112.0;613.0
1989M12;13201.0;0.0;0.0;1069.0;26.0;291.0;282.0;50.0;67.0;353.0
1989M11;11795.0;0.0;0.0;849.0;20.0;246.0;248.0;38.0;42.0;255.0
1989M10;11612.0;0.0;0.0;786.0;13.0;202.0;227.0;37.0;60.0;247.0
1989M09;10651.0;0.0;0.0;662.0;5.0;202.0;169.0;40.0;35.0;211.0
1989M08;12521.0;0.0;0.0;951.0;3.0;285.0;219.0;44.0;73.0;327.0
1989M07;13296.0;0.0;0.0;947.0;4.0;285.0;238.0;34.0;71.0;315.0
1989M06;11880.0;0.0;0.0;830.0;1.0;220.0;243.0;34.0;53.0;279.0
1989M05;12183.0;0.0;0.0;867.0;8.0;237.0;215.0;47.0;73.0;287.0
1989M04;12189.0;0.0;0.0;914.0;17.0;226.0;288.0;46.0;41.0;296.0
1989M03;13151.0;0.0;0.0;1090.0;25.0;290.0;336.0;59.0;53.0;327.0
1989M02;13633.0;0.0;0.0;1288.0;54.0;324.0;387.0;68.0;70.0;385.0
1989M01;16320.0;0.0;0.0;1822.0;181.0;480.0;517.0;51.0;88.0;505.0
1988M12;15596.0;0.0;0.0;1551.0;84.0;420.0;438.0;73.0;90.0;446.0
1988M11;12121.0;0.0;0.0;920.0;23.0;242.0;253.0;46.0;50.0;306.0
1988M10;11510.0;0.0;0.0;800.0;8.0;249.0;200.0;38.0;43.0;262.0
1988M09;10992.0;0.0;0.0;754.0;4.0;229.0;187.0;48.0;48.0;238.0
1988M08;12271.0;0.0;0.0;879.0;3.0;264.0;225.0;41.0;63.0;283.0
1988M07;12118.0;0.0;0.0;765.0;3.0;242.0;194.0;34.0;55.0;237.0
1988M06;11062.0;0.0;0.0;736.0;8.0;215.0;199.0;45.0;40.0;229.0
1988M05;11709.0;0.0;0.0;791.0;9.0;212.0;235.0;51.0;51.0;233.0
1988M04;12197.0;0.0;0.0;948.0;35.0;271.0;282.0;39.0;46.0;275.0
1988M03;14816.0;0.0;0.0;1392.0;54.0;389.0;407.0;60.0;83.0;399.0
1988M02;12580.0;0.0;0.0;1044.0;15.0;301.0;324.0;55.0;48.0;301.0
1988M01;13731.0;0.0;0.0;1056.0;22.0;324.0;335.0;47.0;47.0;281.0
1987M12;13617.0;0.0;0.0;1015.0;28.0;299.0;312.0;57.0;44.0;275.0
1987M11;12054.0;0.0;0.0;885.0;14.0;251.0;249.0;38.0;54.0;279.0
1987M10;11743.0;0.0;0.0;764.0;7.0;210.0;204.0;45.0;49.0;249.0
1987M09;10614.0;0.0;0.0;710.0;4.0;232.0;175.0;30.0;44.0;225.0
1987M08;11763.0;0.0;0.0;798.0;1.0;249.0;179.0;45.0;46.0;278.0
1987M07;11360.0;0.0;0.0;716.0;4.0;237.0;171.0;40.0;51.0;213.0
1987M06;10931.0;0.0;0.0;755.0;7.0;240.0;196.0;41.0;47.0;224.0
1987M05;11311.0;0.0;0.0;785.0;9.0;222.0;225.0;37.0;35.0;257.0
1987M04;11946.0;0.0;0.0;902.0;29.0;233.0;283.0;47.0;42.0;268.0
1987M03;12473.0;0.0;0.0;966.0;29.0;307.0;267.0;51.0;39.0;273.0
1987M02;12630.0;0.0;0.0;1133.0;92.0;362.0;292.0;52.0;54.0;281.0
1987M01;15740.0;0.0;0.0;1536.0;116.0;461.0;430.0;66.0;58.0;405.0
1986M12;13334.0;0.0;0.0;1056.0;24.0;318.0;297.0;67.0;49.0;301.0
1986M11;11878.0;0.0;0.0;911.0;25.0;277.0;239.0;56.0;51.0;263.0
1986M10;10673.0;0.0;0.0;683.0;7.0;215.0;177.0;34.0;37.0;213.0
1986M09;10153.0;0.0;0.0;623.0;7.0;199.0;153.0;30.0;47.0;187.0
1986M08;10716.0;0.0;0.0;644.0;2.0;208.0;152.0;45.0;36.0;201.0
1986M07;11290.0;0.0;0.0;766.0;3.0;262.0;173.0;43.0;44.0;241.0
1986M06;10635.0;0.0;0.0;651.0;8.0;189.0;182.0;26.0;41.0;205.0
1986M05;11866.0;0.0;0.0;861.0;19.0;282.0;220.0;51.0;45.0;244.0
1986M04;12346.0;0.0;0.0;933.0;23.0;301.0;266.0;49.0;45.0;249.0
1986M03;13121.0;0.0;0.0;1117.0;45.0;346.0;326.0;57.0;57.0;286.0
1986M02;14425.0;0.0;0.0;1555.0;163.0;430.0;414.0;66.0;73.0;409.0
1986M01;17015.0;0.0;0.0;2208.0;259.0;707.0;545.0;92.0;92.0;513.0
1985M12;15205.0;0.0;0.0;1532.0;104.0;484.0;363.0;92.0;96.0;393.0
1985M11;12291.0;0.0;0.0;980.0;24.0;304.0;270.0;51.0;48.0;283.0
1985M10;10843.0;0.0;0.0;764.0;18.0;241.0;200.0;36.0;49.0;220.0
1985M09;10174.0;0.0;0.0;687.0;5.0;237.0;152.0;41.0;36.0;216.0
1985M08;10737.0;0.0;0.0;780.0;3.0;220.0;186.0;38.0;48.0;285.0
1985M07;11959.0;0.0;0.0;867.0;4.0;306.0;188.0;40.0;56.0;273.0
1985M06;10815.0;0.0;0.0;776.0;15.0;253.0;174.0;37.0;51.0;246.0
1985M05;11736.0;0.0;0.0;913.0;34.0;268.0;258.0;49.0;60.0;244.0
1985M04;12154.0;0.0;0.0;1108.0;61.0;353.0;269.0;45.0;65.0;315.0
1985M03;13570.0;0.0;0.0;1291.0;73.0;428.0;312.0;57.0;50.0;371.0
1985M02;12065.0;0.0;0.0;1033.0;45.0;307.0;282.0;59.0;54.0;286.0
1985M01;16149.0;0.0;0.0;1536.0;71.0;496.0;393.0;78.0;70.0;428.0
1984M12;12700.0;0.0;0.0;980.0;27.0;313.0;233.0;68.0;43.0;296.0
1984M11;11173.0;0.0;0.0;829.0;36.0;267.0;220.0;53.0;39.0;214.0
1984M10;11089.0;0.0;0.0;761.0;20.0;243.0;169.0;48.0;45.0;236.0
1984M09;9825.0;0.0;0.0;607.0;4.0;190.0;149.0;41.0;46.0;177.0
1984M08;10467.0;0.0;0.0;694.0;10.0;212.0;157.0;63.0;50.0;202.0
1984M07;11414.0;0.0;0.0;750.0;6.0;263.0;173.0;33.0;46.0;229.0
1984M06;11148.0;0.0;0.0;813.0;12.0;257.0;195.0;57.0;52.0;240.0
1984M05;11164.0;0.0;0.0;828.0;31.0;254.0;234.0;44.0;38.0;227.0
1984M04;12070.0;0.0;0.0;1059.0;78.0;334.0;282.0;56.0;53.0;256.0
1984M03;14145.0;0.0;0.0;1343.0;99.0;461.0;328.0;76.0;53.0;326.0
1984M02;12360.0;0.0;0.0;1019.0;33.0;331.0;223.0;66.0;49.0;317.0
1984M01;13339.0;0.0;0.0;1167.0;43.0;410.0;265.0;60.0;52.0;337.0
1983M12;12893.0;0.0;0.0;1009.0;52.0;346.0;222.0;50.0;57.0;282.0
1983M11;11393.0;0.0;0.0;818.0;32.0;276.0;177.0;43.0;40.0;250.0
1983M10;10159.0;0.0;0.0;688.0;15.0;200.0;148.0;42.0;39.0;244.0
1983M09;9963.0;0.0;0.0;648.0;7.0;216.0;98.0;35.0;29.0;263.0
1983M08;10079.0;0.0;0.0;619.0;1.0;204.0;132.0;30.0;44.0;208.0
1983M07;11077.0;0.0;0.0;745.0;2.0;272.0;129.0;47.0;37.0;258.0
1983M06;10689.0;0.0;0.0;728.0;7.0;272.0;138.0;33.0;34.0;244.0
1983M05;11104.0;0.0;0.0;763.0;15.0;250.0;164.0;54.0;50.0;230.0
1983M04;11177.0;0.0;0.0;885.0;33.0;283.0;193.0;57.0;44.0;275.0
1983M03;12925.0;0.0;0.0;1136.0;83.0;361.0;239.0;80.0;55.0;318.0
1983M02;15414.0;0.0;0.0;1879.0;339.0;557.0;382.0;88.0;87.0;426.0
1983M01;17321.0;0.0;0.0;2325.0;413.0;783.0;436.0;92.0;86.0;515.0
1982M12;14413.0;0.0;0.0;1461.0;126.0;463.0;290.0;79.0;73.0;430.0
1982M11;11410.0;0.0;0.0;908.0;43.0;290.0;202.0;47.0;43.0;283.0
1982M10;10673.0;0.0;0.0;716.0;12.0;241.0;135.0;49.0;31.0;248.0
1982M09;9239.0;0.0;0.0;582.0;11.0;202.0;105.0;34.0;34.0;196.0
1982M08;10339.0;0.0;0.0;659.0;12.0;229.0;108.0;36.0;34.0;240.0
1982M07;11282.0;0.0;0.0;798.0;14.0;332.0;132.0;42.0;42.0;236.0
1982M06;10398.0;0.0;0.0;714.0;18.0;263.0;119.0;43.0;29.0;242.0
1982M05;11160.0;0.0;0.0;837.0;35.0;280.0;164.0;56.0;41.0;261.0
1982M04;10788.0;0.0;0.0;852.0;33.0;279.0;164.0;70.0;33.0;273.0
1982M03;11926.0;0.0;0.0;1025.0;41.0;337.0;221.0;56.0;32.0;338.0
1982M02;11587.0;0.0;0.0;1013.0;39.0;344.0;205.0;59.0;31.0;335.0
1982M01;12392.0;0.0;0.0;1125.0;40.0;385.0;246.0;73.0;43.0;338.0
1981M12;12429.0;0.0;0.0;968.0;40.0;354.0;212.0;57.0;29.0;276.0
1981M11;10684.0;0.0;0.0;814.0;28.0;311.0;157.0;42.0;28.0;248.0
1981M10;10393.0;0.0;0.0;728.0;27.0;270.0;144.0;39.0;31.0;217.0
1981M09;9287.0;0.0;0.0;559.0;7.0;217.0;118.0;38.0;34.0;145.0
1981M08;9905.0;0.0;0.0;606.0;5.0;213.0;123.0;48.0;34.0;183.0
1981M07;10279.0;0.0;0.0;608.0;11.0;218.0;107.0;38.0;43.0;191.0
1981M06;11177.0;0.0;0.0;785.0;14.0;306.0;142.0;49.0;47.0;227.0
1981M05;10857.0;0.0;0.0;856.0;21.0;339.0;166.0;58.0;32.0;240.0
1981M04;10630.0;0.0;0.0;955.0;58.0;363.0;159.0;56.0;36.0;283.0
1981M03;12954.0;0.0;0.0;1357.0;101.0;540.0;235.0;64.0;45.0;372.0
1981M02;13043.0;0.0;0.0;1678.0;242.0;615.0;273.0;80.0;34.0;434.0
1981M01;17311.0;0.0;0.0;2678.0;685.0;849.0;429.0;123.0;68.0;524.0
1980M12;15359.0;0.0;0.0;1872.0;219.0;611.0;354.0;110.0;55.0;523.0
1980M11;11205.0;0.0;0.0;912.0;51.0;360.0;187.0;59.0;28.0;227.0
1980M10;10522.0;0.0;0.0;825.0;27.0;340.0;151.0;43.0;26.0;238.0
1980M09;9765.0;0.0;0.0;667.0;6.0;251.0;102.0;49.0;22.0;237.0
1980M08;10888.0;0.0;0.0;769.0;20.0;302.0;134.0;45.0;29.0;239.0
1980M07;10289.0;0.0;0.0;743.0;17.0;286.0;130.0;41.0;26.0;243.0
1980M06;10262.0;0.0;0.0;773.0;21.0;316.0;131.0;51.0;25.0;229.0
1980M05;10779.0;0.0;0.0;866.0;32.0;391.0;151.0;52.0;20.0;220.0
1980M04;10720.0;0.0;0.0;905.0;31.0;359.0;169.0;59.0;27.0;260.0
1980M03;11997.0;0.0;0.0;999.0;46.0;365.0;216.0;58.0;29.0;285.0
1980M02;11485.0;0.0;0.0;1038.0;46.0;393.0;190.0;62.0;33.0;314.0
1980M01;13848.0;0.0;0.0;1382.0;92.0;526.0;229.0;88.0;49.0;398.0
