Defunciones según la Causa de Muerte ;1980M01;1980M02;1980M03;1980M04;1980M05;1980M06;1980M07;1980M08;1980M09;1980M10;1980M11;1980M12;1981M01;1981M02;1981M03;1981M04;1981M05;1981M06;1981M07;1981M08;1981M09;1981M10;1981M11;1981M12;1982M01;1982M02;1982M03;1982M04;1982M05;1982M06;1982M07;1982M08;1982M09;1982M10;1982M11;1982M12;1983M01;1983M02;1983M03;1983M04;1983M05;1983M06;1983M07;1983M08;1983M09;1983M10;1983M11;1983M12;1984M01;1984M02;1984M03;1984M04;1984M05;1984M06;1984M07;1984M08;1984M09;1984M10;1984M11;1984M12;1985M01;1985M02;1985M03;1985M04;1985M05;1985M06;1985M07;1985M08;1985M09;1985M10;1985M11;1985M12;1986M01;1986M02;1986M03;1986M04;1986M05;1986M06;1986M07;1986M08;1986M09;1986M10;1986M11;1986M12;1987M01;1987M02;1987M03;1987M04;1987M05;1987M06;1987M07;1987M08;1987M09;1987M10;1987M11;1987M12;1988M01;1988M02;1988M03;1988M04;1988M05;1988M06;1988M07;1988M08;1988M09;1988M10;1988M11;1988M12;1989M01;1989M02;1989M03;1989M04;1989M05;1989M06;1989M07;1989M08;1989M09;1989M10;1989M11;1989M12;1990M01;1990M02;1990M03;1990M04;1990M05;1990M06;1990M07;1990M08;1990M09;1990M10;1990M11;1990M12;1991M01;1991M02;1991M03;1991M04;1991M05;1991M06;1991M07;1991M08;1991M09;1991M10;1991M11;1991M12;1992M01;1992M02;1992M03;1992M04;1992M05;1992M06;1992M07;1992M08;1992M09;1992M10;1992M11;1992M12;1993M01;1993M02;1993M03;1993M04;1993M05;1993M06;1993M07;1993M08;1993M09;1993M10;1993M11;1993M12;1994M01;1994M02;1994M03;1994M04;1994M05;1994M06;1994M07;1994M08;1994M09;1994M10;1994M11;1994M12;1995M01;1995M02;1995M03;1995M04;1995M05;1995M06;1995M07;1995M08;1995M09;1995M10;1995M11;1995M12;1996M01;1996M02;1996M03;1996M04;1996M05;1996M06;1996M07;1996M08;1996M09;1996M10;1996M11;1996M12;1997M01;1997M02;1997M03;1997M04;1997M05;1997M06;1997M07;1997M08;1997M09;1997M10;1997M11;1997M12;1998M01;1998M02;1998M03;1998M04;1998M05;1998M06;1998M07;1998M08;1998M09;1998M10;1998M11;1998M12;1999M01;1999M02;1999M03;1999M04;1999M05;1999M06;1999M07;1999M08;1999M09;1999M10;1999M11;1999M12;2000M01;2000M02;2000M03;2000M04;2000M05;2000M06;2000M07;2000M08;2000M09;2000M10;2000M11;2000M12;2001M01;2001M02;2001M03;2001M04;2001M05;2001M06;2001M07;2001M08;2001M09;2001M10;2001M11;2001M12;2002M01;2002M02;2002M03;2002M04;2002M05;2002M06;2002M07;2002M08;2002M09;2002M10;2002M11;2002M12;2003M01;2003M02;2003M03;2003M04;2003M05;2003M06;2003M07;2003M08;2003M09;2003M10;2003M11;2003M12;2004M01;2004M02;2004M03;2004M04;2004M05;2004M06;2004M07;2004M08;2004M09;2004M10;2004M11;2004M12;2005M01;2005M02;2005M03;2005M04;2005M05;2005M06;2005M07;2005M08;2005M09;2005M10;2005M11;2005M12;2006M01;2006M02;2006M03;2006M04;2006M05;2006M06;2006M07;2006M08;2006M09;2006M10;2006M11;2006M12;2007M01;2007M02;2007M03;2007M04;2007M05;2007M06;2007M07;2007M08;2007M09;2007M10;2007M11;2007M12;2008M01;2008M02;2008M03;2008M04;2008M05;2008M06;2008M07;2008M08;2008M09;2008M10;2008M11;2008M12;2009M01;2009M02;2009M03;2009M04;2009M05;2009M06;2009M07;2009M08;2009M09;2009M10;2009M11;2009M12;2010M01;2010M02;2010M03;2010M04;2010M05;2010M06;2010M07;2010M08;2010M09;2010M10;2010M11;2010M12;2011M01;2011M02;2011M03;2011M04;2011M05;2011M06;2011M07;2011M08;2011M09;2011M10;2011M11;2011M12;2012M01;2012M02;2012M03;2012M04;2012M05;2012M06;2012M07;2012M08;2012M09;2012M10;2012M11;2012M12;2013M01;2013M02;2013M03;2013M04;2013M05;2013M06;2013M07;2013M08;2013M09;2013M10;2013M11;2013M12;2014M01;2014M02;2014M03;2014M04;2014M05;2014M06;2014M07;2014M08;2014M09;2014M10;2014M11;2014M12;2015M01;2015M02;2015M03;2015M04;2015M05;2015M06;2015M07;2015M08;2015M09;2015M10;2015M11;2015M12;2016M01;2016M02;2016M03;2016M04;2016M05;2016M06;2016M07;2016M08;2016M09;2016M10;2016M11;2016M12;2017M01;2017M02;2017M03;2017M04;2017M05;2017M06;2017M07;2017M08;2017M09;2017M10;2017M11;2017M12;2018M01;2018M02;2018M03;2018M04;2018M05;2018M06;2018M07;2018M08;2018M09;2018M10;2018M11;2018M12;2019M01;2019M02;2019M03;2019M04;2019M05;2019M06;2019M07;2019M08;2019M09;2019M10;2019M11;2019M12;2020M01;2020M02;2020M03;2020M04;2020M05;2020M06;2020M07;2020M08;2020M09;2020M10;2020M11;2020M12
001-102  I-XXII.Todas las causas;28681.0;23906.0;25275.0;22500.0;22781.0;21495.0;22117.0;22735.0;21020.0;22852.0;23819.0;32163.0;35505.0;26746.0;26401.0;22857.0;23174.0;23403.0;22307.0;21346.0;19952.0;22334.0;22974.0;26387.0;26097.0;24198.0;24814.0;23022.0;23301.0;22033.0;23643.0;22179.0;19822.0;23369.0;24280.0;29897.0;35431.0;31176.0;26290.0;23567.0;23610.0;22439.0;23441.0;21832.0;21315.0;22015.0;24072.0;27381.0;28175.0;25792.0;29363.0;25212.0;24006.0;23575.0;24268.0;22384.0;21416.0;24023.0;24294.0;26901.0;33332.0;25537.0;28391.0;25741.0;25123.0;22901.0;24912.0;23442.0;21999.0;23354.0;26379.0;31421.0;34835.0;29453.0;27248.0;25696.0;24858.0;22689.0;23935.0;23151.0;22087.0;23267.0;25390.0;27804.0;32201.0;26225.0;26256.0;25043.0;24272.0;23502.0;24444.0;25290.0;23122.0;25415.0;25769.0;28534.0;29003.0;26656.0;30566.0;25585.0;24958.0;23729.0;25722.0;25825.0;23773.0;24945.0;25853.0;32822.0;33709.0;28243.0;27857.0;26030.0;26165.0;25244.0;27615.0;26430.0;23499.0;25431.0;26078.0;28495.0;35993.0;29529.0;28299.0;26607.0;25728.0;24319.0;27758.0;25898.0;23722.0;25741.0;26710.0;32838.0;32331.0;30888.0;30995.0;27321.0;27570.0;25130.0;27716.0;26545.0;23741.0;27013.0;27681.0;30760.0;35324.0;30351.0;29175.0;27123.0;26214.0;24339.0;26827.0;26364.0;23512.0;27181.0;26302.0;28803.0;32609.0;29599.0;33489.0;27840.0;26546.0;25342.0;26138.0;26464.0;24244.0;27790.0;27570.0;32030.0;35324.0;29616.0;28590.0;26991.0;26746.0;25350.0;29468.0;27408.0;24731.0;27295.0;26756.0;29967.0;33787.0;29151.0;31853.0;28486.0;27481.0;25542.0;29164.0;26989.0;25159.0;26990.0;27316.0;34309.0;33783.0;30515.0;32510.0;28092.0;28249.0;26829.0;28140.0;26483.0;25872.0;27876.0;28994.0;34106.0;38937.0;30320.0;31066.0;28496.0;27761.0;25867.0;27079.0;27763.0;25300.0;26782.0;28498.0;31652.0;35096.0;34733.0;33595.0;28957.0;28276.0;26791.0;28785.0;28211.0;25553.0;28296.0;27844.0;34374.0;40691.0;39898.0;34486.0;28878.0;28011.0;25938.0;28160.0;27995.0;25750.0;28039.0;29342.0;33914.0;42568.0;32201.0;30212.0;29357.0;28493.0;27470.0;27960.0;27875.0;25686.0;28793.0;29113.0;30663.0;32621.0;29053.0;31221.0;28799.0;30478.0;28599.0;29056.0;29887.0;26314.0;28770.0;30211.0;35122.0;40049.0;33242.0;33129.0;30379.0;29044.0;28851.0;28793.0;27270.0;26486.0;29112.0;29275.0;32988.0;35814.0;31863.0;32431.0;30596.0;30332.0;31816.0;31288.0;34729.0;27569.0;29859.0;32370.0;36161.0;36484.0;31233.0;33655.0;30515.0;30218.0;28163.0;29360.0;28895.0;26830.0;29896.0;30941.0;35744.0;48081.0;37467.0;37528.0;30311.0;29837.0;28559.0;28647.0;27687.0;26456.0;29144.0;29657.0;33981.0;35374.0;31464.0;33895.0;29716.0;29966.0;28618.0;31603.0;28966.0;28006.0;29548.0;29811.0;34511.0;38650.0;34226.0;34049.0;31920.0;30857.0;29081.0;29954.0;29343.0;27767.0;30733.0;32723.0;36058.0;38433.0;34306.0;34582.0;31983.0;30099.0;29716.0;30375.0;29740.0;27176.0;31081.0;31726.0;37107.0;42003.0;32614.0;33445.0;31139.0;31297.0;29381.0;29872.0;30224.0;27716.0;30764.0;30940.0;35538.0;36886.0;32564.0;33624.0;31352.0;31300.0;29198.0;31574.0;29735.0;27789.0;31122.0;31841.0;35062.0;38213.0;33978.0;34656.0;31021.0;31119.0;29786.0;30349.0;30625.0;28546.0;31605.0;31907.0;36106.0;40005.0;43738.0;39292.0;32940.0;32297.0;29362.0;29599.0;30683.0;28116.0;30323.0;31804.0;34791.0;37053.0;33996.0;36332.0;31499.0;31322.0;30289.0;32046.0;29931.0;28249.0;30578.0;32092.0;37032.0;40362.0;34834.0;35179.0;31894.0;31540.0;30655.0;30999.0;30335.0;29087.0;32011.0;32466.0;36468.0;47269.0;42464.0;38987.0;33686.0;32706.0;31078.0;35628.0;31220.0;28863.0;31898.0;32346.0;36423.0;38334.0;35548.0;38198.0;33707.0;33001.0;31512.0;32961.0;32248.0;30095.0;32060.0;33759.0;39188.0;49370.0;37434.0;35779.0;33208.0;33673.0;32236.0;31924.0;32356.0;30049.0;32680.0;34149.0;41665.0;47911.0;39756.0;39772.0;34956.0;33421.0;31970.0;32215.0;33177.0;30293.0;32879.0;34338.0;37033.0;44615.0;37737.0;37058.0;34201.0;33866.0;31873.0;33551.0;31671.0;29916.0;32770.0;34706.0;36739.0;43093.0;36623.0;58204.0;61025.0;35073.0;30755.0;34768.0;36038.0;34568.0;39720.0;42264.0;41645.0
00A COVID-19. Virus identificado;0.0;0.0;0.0;0.0;0.0;0.0;0.0;0.0;0.0;0.0;0.0;0.0;0.0;0.0;0.0;0.0;0.0;0.0;0.0;0.0;0.0;0.0;0.0;0.0;0.0;0.0;0.0;0.0;0.0;0.0;0.0;0.0;0.0;0.0;0.0;0.0;0.0;0.0;0.0;0.0;0.0;0.0;0.0;0.0;0.0;0.0;0.0;0.0;0.0;0.0;0.0;0.0;0.0;0.0;0.0;0.0;0.0;0.0;0.0;0.0;0.0;0.0;0.0;0.0;0.0;0.0;0.0;0.0;0.0;0.0;0.0;0.0;0.0;0.0;0.0;0.0;0.0;0.0;0.0;0.0;0.0;0.0;0.0;0.0;0.0;0.0;0.0;0.0;0.0;0.0;0.0;0.0;0.0;0.0;0.0;0.0;0.0;0.0;0.0;0.0;0.0;0.0;0.0;0.0;0.0;0.0;0.0;0.0;0.0;0.0;0.0;0.0;0.0;0.0;0.0;0.0;0.0;0.0;0.0;0.0;0.0;0.0;0.0;0.0;0.0;0.0;0.0;0.0;0.0;0.0;0.0;0.0;0.0;0.0;0.0;0.0;0.0;0.0;0.0;0.0;0.0;0.0;0.0;0.0;0.0;0.0;0.0;0.0;0.0;0.0;0.0;0.0;0.0;0.0;0.0;0.0;0.0;0.0;0.0;0.0;0.0;0.0;0.0;0.0;0.0;0.0;0.0;0.0;0.0;0.0;0.0;0.0;0.0;0.0;0.0;0.0;0.0;0.0;0.0;0.0;0.0;0.0;0.0;0.0;0.0;0.0;0.0;0.0;0.0;0.0;0.0;0.0;0.0;0.0;0.0;0.0;0.0;0.0;0.0;0.0;0.0;0.0;0.0;0.0;0.0;0.0;0.0;0.0;0.0;0.0;0.0;0.0;0.0;0.0;0.0;0.0;0.0;0.0;0.0;0.0;0.0;0.0;0.0;0.0;0.0;0.0;0.0;0.0;0.0;0.0;0.0;0.0;0.0;0.0;0.0;0.0;0.0;0.0;0.0;0.0;0.0;0.0;0.0;0.0;0.0;0.0;0.0;0.0;0.0;0.0;0.0;0.0;0.0;0.0;0.0;0.0;0.0;0.0;0.0;0.0;0.0;0.0;0.0;0.0;0.0;0.0;0.0;0.0;0.0;0.0;0.0;0.0;0.0;0.0;0.0;0.0;0.0;0.0;0.0;0.0;0.0;0.0;0.0;0.0;0.0;0.0;0.0;0.0;0.0;0.0;0.0;0.0;0.0;0.0;0.0;0.0;0.0;0.0;0.0;0.0;0.0;0.0;0.0;0.0;0.0;0.0;0.0;0.0;0.0;0.0;0.0;0.0;0.0;0.0;0.0;0.0;0.0;0.0;0.0;0.0;0.0;0.0;0.0;0.0;0.0;0.0;0.0;0.0;0.0;0.0;0.0;0.0;0.0;0.0;0.0;0.0;0.0;0.0;0.0;0.0;0.0;0.0;0.0;0.0;0.0;0.0;0.0;0.0;0.0;0.0;0.0;0.0;0.0;0.0;0.0;0.0;0.0;0.0;0.0;0.0;0.0;0.0;0.0;0.0;0.0;0.0;0.0;0.0;0.0;0.0;0.0;0.0;0.0;0.0;0.0;0.0;0.0;0.0;0.0;0.0;0.0;0.0;0.0;0.0;0.0;0.0;0.0;0.0;0.0;0.0;0.0;0.0;0.0;0.0;0.0;0.0;0.0;0.0;0.0;0.0;0.0;0.0;0.0;0.0;0.0;0.0;0.0;0.0;0.0;0.0;0.0;0.0;0.0;0.0;0.0;0.0;0.0;0.0;0.0;0.0;0.0;0.0;0.0;0.0;0.0;0.0;0.0;0.0;0.0;0.0;0.0;0.0;0.0;0.0;0.0;0.0;0.0;0.0;0.0;0.0;0.0;0.0;0.0;0.0;0.0;0.0;0.0;0.0;0.0;0.0;0.0;0.0;0.0;0.0;0.0;0.0;0.0;0.0;0.0;0.0;0.0;0.0;0.0;0.0;0.0;0.0;0.0;0.0;0.0;0.0;0.0;0.0;0.0;0.0;0.0;0.0;0.0;0.0;0.0;0.0;0.0;0.0;11313.0;18252.0;3219.0;528.0;329.0;1281.0;3455.0;5905.0;9891.0;6185.0
00B COVID-19. Virus no identificado (sospechoso);0.0;0.0;0.0;0.0;0.0;0.0;0.0;0.0;0.0;0.0;0.0;0.0;0.0;0.0;0.0;0.0;0.0;0.0;0.0;0.0;0.0;0.0;0.0;0.0;0.0;0.0;0.0;0.0;0.0;0.0;0.0;0.0;0.0;0.0;0.0;0.0;0.0;0.0;0.0;0.0;0.0;0.0;0.0;0.0;0.0;0.0;0.0;0.0;0.0;0.0;0.0;0.0;0.0;0.0;0.0;0.0;0.0;0.0;0.0;0.0;0.0;0.0;0.0;0.0;0.0;0.0;0.0;0.0;0.0;0.0;0.0;0.0;0.0;0.0;0.0;0.0;0.0;0.0;0.0;0.0;0.0;0.0;0.0;0.0;0.0;0.0;0.0;0.0;0.0;0.0;0.0;0.0;0.0;0.0;0.0;0.0;0.0;0.0;0.0;0.0;0.0;0.0;0.0;0.0;0.0;0.0;0.0;0.0;0.0;0.0;0.0;0.0;0.0;0.0;0.0;0.0;0.0;0.0;0.0;0.0;0.0;0.0;0.0;0.0;0.0;0.0;0.0;0.0;0.0;0.0;0.0;0.0;0.0;0.0;0.0;0.0;0.0;0.0;0.0;0.0;0.0;0.0;0.0;0.0;0.0;0.0;0.0;0.0;0.0;0.0;0.0;0.0;0.0;0.0;0.0;0.0;0.0;0.0;0.0;0.0;0.0;0.0;0.0;0.0;0.0;0.0;0.0;0.0;0.0;0.0;0.0;0.0;0.0;0.0;0.0;0.0;0.0;0.0;0.0;0.0;0.0;0.0;0.0;0.0;0.0;0.0;0.0;0.0;0.0;0.0;0.0;0.0;0.0;0.0;0.0;0.0;0.0;0.0;0.0;0.0;0.0;0.0;0.0;0.0;0.0;0.0;0.0;0.0;0.0;0.0;0.0;0.0;0.0;0.0;0.0;0.0;0.0;0.0;0.0;0.0;0.0;0.0;0.0;0.0;0.0;0.0;0.0;0.0;0.0;0.0;0.0;0.0;0.0;0.0;0.0;0.0;0.0;0.0;0.0;0.0;0.0;0.0;0.0;0.0;0.0;0.0;0.0;0.0;0.0;0.0;0.0;0.0;0.0;0.0;0.0;0.0;0.0;0.0;0.0;0.0;0.0;0.0;0.0;0.0;0.0;0.0;0.0;0.0;0.0;0.0;0.0;0.0;0.0;0.0;0.0;0.0;0.0;0.0;0.0;0.0;0.0;0.0;0.0;0.0;0.0;0.0;0.0;0.0;0.0;0.0;0.0;0.0;0.0;0.0;0.0;0.0;0.0;0.0;0.0;0.0;0.0;0.0;0.0;0.0;0.0;0.0;0.0;0.0;0.0;0.0;0.0;0.0;0.0;0.0;0.0;0.0;0.0;0.0;0.0;0.0;0.0;0.0;0.0;0.0;0.0;0.0;0.0;0.0;0.0;0.0;0.0;0.0;0.0;0.0;0.0;0.0;0.0;0.0;0.0;0.0;0.0;0.0;0.0;0.0;0.0;0.0;0.0;0.0;0.0;0.0;0.0;0.0;0.0;0.0;0.0;0.0;0.0;0.0;0.0;0.0;0.0;0.0;0.0;0.0;0.0;0.0;0.0;0.0;0.0;0.0;0.0;0.0;0.0;0.0;0.0;0.0;0.0;0.0;0.0;0.0;0.0;0.0;0.0;0.0;0.0;0.0;0.0;0.0;0.0;0.0;0.0;0.0;0.0;0.0;0.0;0.0;0.0;0.0;0.0;0.0;0.0;0.0;0.0;0.0;0.0;0.0;0.0;0.0;0.0;0.0;0.0;0.0;0.0;0.0;0.0;0.0;0.0;0.0;0.0;0.0;0.0;0.0;0.0;0.0;0.0;0.0;0.0;0.0;0.0;0.0;0.0;0.0;0.0;0.0;0.0;0.0;0.0;0.0;0.0;0.0;0.0;0.0;0.0;0.0;0.0;0.0;0.0;0.0;0.0;0.0;0.0;0.0;0.0;0.0;0.0;0.0;0.0;0.0;0.0;0.0;0.0;0.0;0.0;0.0;0.0;0.0;0.0;0.0;0.0;0.0;0.0;0.0;0.0;0.0;0.0;0.0;0.0;0.0;0.0;0.0;0.0;0.0;4217.0;8236.0;751.0;146.0;219.0;223.0;182.0;182.0;198.0;127.0
062-067  X.Enfermedades del sistema respiratorio;3150.0;2442.0;2380.0;2136.0;2061.0;1799.0;1811.0;1864.0;1581.0;2020.0;2200.0;4265.0;5844.0;3589.0;2966.0;2196.0;2073.0;1896.0;1572.0;1574.0;1418.0;1823.0;1992.0;2423.0;2553.0;2432.0;2364.0;2087.0;1974.0;1832.0;1946.0;1710.0;1503.0;1904.0;2238.0;3433.0;5221.0;4241.0;2642.0;2184.0;1974.0;1821.0;1860.0;1659.0;1598.0;1690.0;2009.0;2525.0;2773.0;2493.0;3198.0;2612.0;2109.0;2024.0;1941.0;1777.0;1620.0;2032.0;2126.0;2439.0;3660.0;2567.0;3135.0;2808.0;2284.0;2001.0;2128.0;2009.0;1785.0;1983.0;2435.0;3669.0;5005.0;3655.0;2704.0;2335.0;2127.0;1722.0;1880.0;1679.0;1604.0;1866.0;2264.0;2557.0;3748.0;2792.0;2463.0;2256.0;1960.0;1919.0;1966.0;2100.0;1850.0;2013.0;2328.0;2580.0;2731.0;2560.0;3347.0;2511.0;2069.0;1962.0;2064.0;2224.0;1842.0;2120.0;2223.0;3860.0;4348.0;3190.0;2785.0;2422.0;2373.0;2147.0;2363.0;2339.0;1866.0;2099.0;2326.0;2790.0;5045.0;4186.0;2948.0;2736.0;2553.0;2084.0;2510.0;2286.0;1898.0;2159.0;2456.0;3338.0;3563.0;3685.0;3504.0;2796.0;2561.0;2119.0;2318.0;2290.0;1889.0;2390.0;2553.0;3326.0;4533.0;3554.0;2994.0;2702.0;2383.0;1935.0;2256.0;2129.0;1730.0;2279.0;2238.0;2559.0;3536.0;3535.0;4280.0;2903.0;2389.0;2144.0;2141.0;2288.0;1839.0;2408.0;2595.0;3487.0;4677.0;3435.0;2717.0;2399.0;2436.0;2164.0;2624.0;2373.0;2003.0;2430.0;2336.0;2636.0;3849.0;3597.0;3532.0;2999.0;2653.0;2127.0;2500.0;2327.0;2093.0;2418.0;2472.0;4142.0;4441.0;3500.0;3603.0;2960.0;2624.0;2524.0;2451.0;2335.0;2264.0;2494.0;2880.0;4238.0;5734.0;3863.0;3665.0;3031.0;2616.0;2277.0;2362.0;2600.0;2112.0;2331.0;2683.0;3245.0;4665.0;5512.0;4566.0;3130.0;2700.0;2433.0;2646.0;2674.0;2311.0;2655.0;2558.0;3897.0;6720.0;7408.0;5230.0;3321.0;2886.0;2387.0;2679.0;2614.0;2354.0;2605.0;2882.0;4108.0;7594.0;4695.0;3518.0;3176.0;2901.0;2649.0;2606.0;2614.0;2337.0;2783.0;2869.0;3241.0;3605.0;3224.0;3368.0;3013.0;3102.0;3014.0;2797.0;2892.0;2459.0;2874.0;2992.0;4022.0;6313.0;4872.0;4236.0;3307.0;3026.0;2908.0;2639.0;2496.0;2354.0;2693.0;2935.0;3648.0;4523.0;3812.0;3769.0;3425.0;3208.0;3442.0;3162.0;3975.0;2672.0;3044.0;3983.0;4788.0;5006.0;3608.0;3796.0;3387.0;2965.0;2723.0;2692.0;2608.0;2270.0;2832.0;2880.0;4382.0;9180.0;5962.0;5416.0;3604.0;3178.0;2789.0;2698.0;2474.0;2257.0;2825.0;2891.0;3815.0;4287.0;3637.0;4053.0;3273.0;3072.0;2793.0;3121.0;2761.0;2651.0;2885.0;2997.0;3980.0;5424.0;4939.0;4108.0;3711.0;3305.0;2977.0;2955.0;2796.0;2536.0;3085.0;3804.0;4389.0;5555.0;4495.0;4402.0;3626.0;3263.0;3013.0;3057.0;2939.0;2618.0;3197.0;3364.0;4671.0;6639.0;4136.0;3855.0;3626.0;3320.0;2922.0;2846.0;2921.0;2476.0;3039.0;3369.0;4133.0;4396.0;3659.0;3707.0;3326.0;3141.0;2985.0;3157.0;2961.0;2623.0;3033.0;3347.0;3931.0;5126.0;4311.0;4026.0;3517.0;3132.0;2974.0;2885.0;2951.0;2691.0;3118.0;3392.0;4120.0;5659.0;6989.0;5815.0;3862.0;3700.0;2955.0;2797.0;2901.0;2472.0;2993.0;3242.0;3951.0;4714.0;4391.0;4571.0;3513.0;3208.0;3017.0;3248.0;2771.0;2568.0;2959.0;3323.0;4282.0;5891.0;4751.0;4195.0;3573.0;3207.0;3118.0;2945.0;2868.0;2688.0;3168.0;3308.0;4129.0;7708.0;7242.0;5609.0;4164.0;3632.0;3244.0;3872.0;2958.0;2633.0;3235.0;3360.0;4191.0;5047.0;4570.0;5102.0;4090.0;3412.0;3218.0;3379.0;3175.0;2801.0;3275.0;3663.0;5080.0;8986.0;5555.0;4331.0;3810.0;3727.0;3363.0;2987.0;3216.0;2812.0;3404.0;3630.0;5794.0;9104.0;6455.0;5738.0;4569.0;3778.0;3363.0;3152.0;3247.0;2888.0;3255.0;3720.0;4418.0;6771.0;5878.0;4812.0;3901.0;3675.0;3184.0;3200.0;2697.0;2649.0;3077.0;3552.0;4285.0;6112.0;5028.0;6115.0;3580.0;2463.0;2342.0;2838.0;2969.0;2585.0;2775.0;2687.0;2929.0
062  Influenza (gripe) (incluye gripe aviar y gripe A);155.0;68.0;73.0;50.0;47.0;43.0;26.0;30.0;12.0;45.0;80.0;368.0;1173.0;380.0;158.0;76.0;46.0;26.0;16.0;9.0;11.0;44.0;44.0;71.0;61.0;68.0;54.0;48.0;45.0;26.0;21.0;16.0;16.0;28.0;76.0;217.0;691.0;526.0;138.0;58.0;24.0;11.0;6.0;6.0;14.0;24.0;55.0;86.0;77.0;52.0;143.0;134.0;48.0;20.0;9.0;14.0;9.0;33.0;56.0;53.0;118.0;61.0;112.0;94.0;57.0;23.0;7.0;7.0;7.0;25.0;36.0;165.0;402.0;251.0;78.0;42.0;25.0;11.0;8.0;2.0;10.0;12.0;34.0;34.0;203.0;132.0;50.0;39.0;14.0;14.0;9.0;2.0;8.0;14.0;26.0;43.0;34.0;28.0;89.0;54.0;20.0;10.0;6.0;5.0;5.0;13.0;30.0;151.0;269.0;87.0;38.0;25.0;13.0;3.0;5.0;9.0;6.0;19.0;33.0;36.0;327.0;276.0;67.0;41.0;12.0;9.0;5.0;3.0;6.0;15.0;26.0;45.0;68.0;96.0;104.0;25.0;10.0;6.0;0.0;3.0;7.0;20.0;25.0;78.0;107.0;51.0;18.0;19.0;16.0;10.0;4.0;2.0;1.0;17.0;9.0;17.0;57.0;82.0;128.0;42.0;9.0;8.0;2.0;3.0;2.0;13.0;19.0;65.0;135.0;54.0;21.0;9.0;11.0;8.0;5.0;2.0;4.0;19.0;20.0;12.0;61.0;92.0;72.0;30.0;8.0;4.0;4.0;3.0;10.0;16.0;16.0;100.0;163.0;45.0;34.0;22.0;8.0;2.0;2.0;3.0;4.0;23.0;29.0;100.0;216.0;99.0;31.0;17.0;7.0;3.0;4.0;2.0;1.0;7.0;15.0;33.0;124.0;246.0;113.0;35.0;6.0;4.0;9.0;5.0;4.0;23.0;13.0;38.0;363.0;476.0;194.0;31.0;9.0;3.0;6.0;2.0;3.0;17.0;12.0;70.0;454.0;163.0;25.0;15.0;7.0;4.0;5.0;1.0;2.0;18.0;16.0;13.0;10.0;10.0;23.0;4.0;4.0;3.0;0.0;1.0;1.0;5.0;10.0;9.0;179.0;85.0;33.0;5.0;1.0;2.0;5.0;0.0;0.0;4.0;7.0;16.0;31.0;25.0;15.0;4.0;1.0;1.0;1.0;2.0;0.0;14.0;31.0;57.0;28.0;10.0;9.0;2.0;5.0;4.0;1.0;2.0;2.0;5.0;2.0;17.0;372.0;103.0;45.0;3.0;2.0;1.0;1.0;0.0;4.0;3.0;6.0;3.0;16.0;11.0;6.0;2.0;1.0;0.0;2.0;0.0;0.0;3.0;2.0;5.0;13.0;25.0;6.0;3.0;2.0;0.0;0.0;2.0;0.0;2.0;6.0;12.0;26.0;17.0;6.0;8.0;1.0;2.0;1.0;0.0;1.0;3.0;4.0;12.0;46.0;9.0;1.0;1.0;1.0;0.0;5.0;11.0;10.0;27.0;89.0;88.0;32.0;4.0;2.0;1.0;2.0;1.0;1.0;0.0;1.0;1.0;2.0;10.0;92.0;74.0;25.0;7.0;3.0;1.0;1.0;2.0;1.0;2.0;0.0;6.0;28.0;92.0;62.0;7.0;1.0;4.0;1.0;0.0;0.0;3.0;3.0;4.0;8.0;26.0;43.0;15.0;5.0;1.0;0.0;2.0;0.0;4.0;3.0;4.0;159.0;174.0;56.0;21.0;5.0;1.0;2.0;2.0;1.0;2.0;3.0;6.0;120.0;239.0;100.0;17.0;1.0;2.0;0.0;1.0;0.0;0.0;2.0;5.0;30.0;130.0;225.0;128.0;19.0;3.0;2.0;2.0;1.0;1.0;10.0;96.0;744.0;226.0;53.0;7.0;2.0;2.0;2.0;0.0;0.0;1.0;5.0;133.0;980.0;513.0;255.0;57.0;10.0;4.0;1.0;1.0;1.0;1.0;7.0;22.0;418.0;634.0;290.0;59.0;17.0;3.0;0.0;0.0;2.0;3.0;6.0;27.0;312.0;362.0;188.0;23.0;1.0;1.0;3.0;1.0;0.0;0.0;0.0;3.0
063  Neumonía;1044.0;808.0;794.0;720.0;726.0;618.0;612.0;658.0;528.0;745.0;776.0;1276.0;1698.0;1167.0;1035.0;741.0;640.0;617.0;489.0;475.0;433.0;593.0;658.0;721.0;751.0;704.0;659.0;591.0;544.0;566.0;670.0;491.0;452.0;572.0;655.0;989.0;1447.0;1160.0;706.0;581.0;532.0;548.0;551.0;455.0;462.0;473.0;593.0;761.0;821.0;709.0;915.0;687.0;536.0;488.0;508.0;449.0;423.0;542.0;609.0;656.0;1018.0;661.0;810.0;702.0;557.0;539.0;615.0;468.0;495.0;531.0;644.0;969.0;1358.0;883.0;690.0;607.0;561.0;412.0;511.0;464.0;458.0;502.0;602.0;663.0;915.0;716.0;625.0;517.0;483.0;496.0;511.0;548.0;476.0;500.0;534.0;613.0;667.0;586.0;770.0;532.0;445.0;457.0;514.0;524.0;443.0;486.0;520.0;859.0;912.0;693.0;582.0;503.0;495.0;451.0;542.0;595.0;437.0;465.0;555.0;596.0;1060.0;945.0;573.0;598.0;537.0;448.0;602.0;501.0;436.0;453.0;545.0;647.0;678.0;691.0;665.0;524.0;472.0;430.0;500.0;516.0;375.0;487.0;535.0;660.0;911.0;740.0;596.0;548.0;486.0;373.0;486.0;547.0;353.0;486.0;508.0;482.0;795.0;710.0;822.0;555.0;473.0;466.0;453.0;483.0;392.0;514.0;579.0;739.0;981.0;725.0;556.0;473.0;481.0;417.0;653.0;512.0;387.0;501.0;453.0;520.0;747.0;668.0;700.0;600.0;534.0;427.0;540.0;518.0;431.0;530.0;551.0;857.0;891.0;646.0;686.0;558.0;529.0;485.0;485.0;479.0;409.0;567.0;553.0;856.0;1157.0;727.0;697.0;572.0;511.0;472.0;494.0;559.0;412.0;488.0;593.0;655.0;917.0;1110.0;946.0;608.0;523.0;458.0;507.0;547.0;459.0;496.0;521.0;779.0;1230.0;1347.0;961.0;589.0;545.0;447.0;526.0;501.0;439.0;479.0;553.0;685.0;1393.0;913.0;618.0;576.0;547.0;467.0;475.0;500.0;435.0;516.0;558.0;592.0;665.0;635.0;626.0;579.0;546.0;635.0;537.0;561.0;439.0;559.0;575.0;735.0;1217.0;925.0;786.0;616.0;555.0;552.0;481.0;478.0;445.0;530.0;570.0;717.0;806.0;685.0;656.0;654.0;576.0;627.0;605.0;837.0;514.0;584.0;760.0;872.0;993.0;650.0;674.0;628.0;557.0;484.0;504.0;510.0;436.0;542.0;546.0;832.0;1780.0;1220.0;1107.0;701.0;596.0;558.0;495.0;496.0;422.0;567.0;604.0;764.0;861.0;688.0;784.0;613.0;593.0;530.0;627.0;525.0;516.0;606.0;633.0;839.0;1107.0;978.0;785.0;705.0;628.0;547.0;545.0;575.0;477.0;602.0;752.0;880.0;1190.0;889.0;887.0;787.0;685.0;623.0;621.0;587.0;525.0;688.0;706.0;1003.0;1456.0;876.0;823.0;718.0;663.0;566.0;484.0;547.0;446.0;549.0;640.0;836.0;857.0;695.0;652.0;624.0;530.0;589.0;571.0;558.0;502.0;549.0;665.0;733.0;1060.0;850.0;846.0;672.0;592.0;537.0;518.0;542.0;507.0;605.0;657.0;781.0;1095.0;1468.0;1230.0;734.0;730.0;547.0;491.0;502.0;454.0;550.0;654.0;834.0;946.0;874.0;868.0;705.0;657.0;548.0;648.0;506.0;477.0;583.0;655.0;866.0;1256.0;924.0;807.0;713.0;601.0;562.0;543.0;494.0;495.0;628.0;665.0;757.0;1552.0;1552.0;1184.0;816.0;693.0;619.0;675.0;535.0;489.0;598.0;664.0;832.0;1031.0;938.0;1007.0;837.0;659.0;570.0;632.0;574.0;534.0;624.0;719.0;1035.0;1848.0;1172.0;842.0;756.0;652.0;602.0;578.0;626.0;507.0;716.0;734.0;1189.0;1797.0;1316.0;1176.0;907.0;761.0;590.0;583.0;558.0;517.0;633.0;724.0;853.0;1344.0;1168.0;986.0;762.0;706.0;613.0;591.0;509.0;518.0;611.0;711.0;865.0;1308.0;1068.0;1323.0;721.0;534.0;445.0;550.0;612.0;528.0;601.0;509.0;569.0
064  Enfermedades crónicas de las vías respiratorias inferiores (excepto asma);686.0;566.0;576.0;532.0;482.0;374.0;386.0;395.0;339.0;476.0;547.0;1020.0;1232.0;753.0;680.0;479.0;528.0;436.0;381.0;386.0;361.0;457.0;516.0;661.0;682.0;649.0;664.0;539.0;523.0;437.0;467.0;408.0;360.0;461.0;575.0;868.0;1349.0;1113.0;758.0;629.0;627.0;492.0;465.0;476.0;361.0;423.0;554.0;751.0;807.0;756.0;1023.0;873.0;760.0;697.0;635.0;570.0;540.0;647.0;714.0;810.0;1265.0;963.0;1104.0;1016.0;790.0;678.0;673.0;667.0;589.0;714.0;871.0;1251.0;1707.0;1339.0;1031.0;915.0;766.0;624.0;630.0;543.0;538.0;667.0;810.0;940.0;1410.0;1078.0;957.0;899.0;751.0;717.0;686.0;707.0;678.0;747.0;912.0;1044.0;1172.0;1075.0;1340.0;1072.0;846.0;761.0;799.0;848.0;716.0;846.0;878.0;1501.0;1746.0;1355.0;1213.0;1031.0;963.0;896.0;910.0;815.0;719.0;828.0;944.0;1149.0;1964.0;1645.0;1299.0;1077.0;1061.0;837.0;923.0;893.0;679.0;886.0;1020.0;1389.0;1608.0;1606.0;1575.0;1247.0;1105.0;927.0;948.0;922.0;791.0;1002.0;1084.0;1404.0;2020.0;1591.0;1369.0;1183.0;1041.0;829.0;915.0;819.0;705.0;934.0;950.0;1101.0;1497.0;1543.0;1915.0;1296.0;1083.0;892.0;856.0;895.0;757.0;998.0;1130.0;1515.0;2101.0;1535.0;1232.0;1091.0;1086.0;950.0;1018.0;958.0;845.0;1064.0;1071.0;1189.0;1737.0;1649.0;1646.0;1364.0;1210.0;942.0;1028.0;945.0;876.0;1006.0;1071.0;1815.0;1900.0;1648.0;1629.0;1322.0;1153.0;1071.0;1018.0;961.0;985.0;1011.0;1254.0;1811.0;2455.0;1784.0;1676.0;1388.0;1144.0;971.0;982.0;1040.0;903.0;955.0;1084.0;1347.0;2005.0;2329.0;1954.0;1378.0;1151.0;1085.0;1107.0;1035.0;953.0;1077.0;1049.0;1602.0;2656.0;2935.0;2112.0;1429.0;1203.0;964.0;987.0;964.0;908.0;1030.0;1128.0;1676.0;2819.0;1844.0;1433.0;1308.0;1122.0;1005.0;983.0;974.0;885.0;1057.0;1059.0;1316.0;1402.0;1274.0;1334.0;1183.0;1261.0;1159.0;1046.0;1029.0;976.0;1088.0;1170.0;1529.0;2436.0;1964.0;1696.0;1360.0;1191.0;1143.0;945.0;901.0;820.0;1042.0;1076.0;1373.0;1743.0;1503.0;1476.0;1303.0;1235.0;1264.0;1118.0;1254.0;910.0;1103.0;1477.0;1801.0;1848.0;1481.0;1464.0;1348.0;1135.0;1017.0;1027.0;877.0;785.0;1019.0;1076.0;1573.0;3155.0;2200.0;1960.0;1312.0;1183.0;989.0;925.0;817.0;817.0;960.0;988.0;1349.0;1514.0;1334.0;1407.0;1177.0;1095.0;1010.0;1009.0;914.0;910.0;971.0;988.0;1277.0;1809.0;1688.0;1504.0;1264.0;1106.0;1006.0;978.0;892.0;841.0;1044.0;1273.0;1455.0;1758.0;1524.0;1411.0;1180.0;1059.0;957.0;958.0;883.0;817.0;1006.0;1042.0;1491.0;2010.0;1347.0;1308.0;1310.0;1160.0;1030.0;1077.0;1056.0;904.0;1119.0;1170.0;1484.0;1542.0;1390.0;1416.0;1204.0;1193.0;1109.0;1122.0;1062.0;916.0;1089.0;1190.0;1431.0;1793.0;1534.0;1496.0;1289.0;1123.0;1054.0;1044.0;1029.0;957.0;1092.0;1128.0;1413.0;1874.0;2279.0;1924.0;1405.0;1303.0;1061.0;919.0;954.0;843.0;1023.0;1084.0;1325.0;1627.0;1478.0;1605.0;1167.0;1128.0;1091.0;1031.0;901.0;897.0;1001.0;1095.0;1413.0;1931.0;1557.0;1416.0;1223.0;1113.0;1089.0;959.0;979.0;886.0;1033.0;1089.0;1335.0;2282.0;2024.0;1722.0;1277.0;1157.0;1032.0;1118.0;958.0;791.0;989.0;965.0;1315.0;1538.0;1306.0;1544.0;1228.0;1043.0;988.0;1025.0;955.0;854.0;956.0;1127.0;1463.0;2215.0;1494.0;1233.0;1133.0;1118.0;985.0;898.0;913.0;848.0;952.0;1023.0;1556.0;1969.0;1586.0;1433.0;1131.0;982.0;906.0;867.0;860.0;789.0;869.0;956.0;1148.0;1691.0;1418.0;1256.0;1122.0;1058.0;968.0;911.0;755.0;713.0;810.0;954.0;1159.0;1510.0;1257.0;1670.0;1023.0;716.0;705.0;785.0;865.0;765.0;777.0;834.0;879.0
065  Asma;210.0;151.0;144.0;138.0;135.0;106.0;109.0;116.0;99.0;116.0;135.0;251.0;265.0;194.0;159.0;123.0;126.0;103.0;88.0;112.0;91.0;93.0;94.0;143.0;149.0;138.0;153.0;129.0;118.0;83.0;94.0;90.0;76.0;117.0;118.0;159.0;228.0;196.0;156.0;127.0;120.0;89.0;117.0;85.0;76.0;83.0;96.0;111.0;127.0;122.0;154.0;127.0;103.0;110.0;90.0;124.0;90.0;88.0;115.0;130.0;158.0;115.0;126.0;100.0;121.0;91.0;89.0;79.0;70.0;88.0;91.0;159.0;165.0;154.0;117.0;91.0;100.0;68.0;84.0;87.0;67.0;79.0;97.0;113.0;123.0;95.0;101.0;89.0;75.0;80.0;82.0;92.0;72.0;85.0;74.0;110.0;103.0;94.0;119.0;83.0;75.0;86.0;69.0;84.0;70.0;72.0;77.0;134.0;114.0;120.0;115.0;93.0;88.0;75.0;65.0;82.0;74.0;71.0;86.0;96.0;153.0;107.0;76.0;84.0;86.0;67.0;76.0;103.0;74.0;63.0;89.0;110.0;115.0;118.0;110.0;95.0;93.0;67.0;50.0;57.0;49.0;73.0;84.0;88.0;128.0;109.0;87.0;83.0;72.0;66.0;67.0;59.0;68.0;68.0;80.0;90.0;97.0;91.0;129.0;101.0;67.0;62.0;73.0;60.0;43.0;72.0;71.0;105.0;136.0;105.0;91.0;78.0;56.0;57.0;81.0;74.0;64.0;72.0;69.0;80.0;97.0;105.0;74.0;85.0;76.0;54.0;66.0;62.0;50.0;61.0;62.0;123.0;132.0;100.0;102.0;84.0;68.0;77.0;76.0;71.0;68.0;58.0;80.0;101.0;163.0;93.0;96.0;82.0;81.0;68.0;81.0;62.0;49.0;65.0;70.0;81.0;119.0;124.0;124.0;91.0;61.0;78.0;83.0;44.0;65.0;74.0;65.0;115.0;176.0;165.0;125.0;72.0;83.0;47.0;61.0;80.0;52.0;56.0;56.0;83.0;150.0;112.0;78.0;62.0;58.0;59.0;45.0;47.0;39.0;49.0;57.0;57.0;94.0;72.0;80.0;59.0;59.0;59.0;45.0;49.0;49.0;64.0;53.0;86.0;134.0;118.0;105.0;70.0;63.0;71.0;61.0;48.0;38.0;45.0;63.0;78.0;98.0;92.0;73.0;68.0;76.0;69.0;56.0;62.0;54.0;62.0;95.0;89.0;126.0;90.0;92.0;61.0;73.0;64.0;53.0;43.0;46.0;64.0;54.0;101.0;206.0;139.0;109.0;88.0;58.0;55.0;39.0;58.0;44.0;48.0;60.0;58.0;84.0;69.0;94.0;65.0;57.0;37.0;46.0;40.0;46.0;29.0;75.0;87.0;124.0;118.0;88.0;75.0;56.0;54.0;48.0;43.0;55.0;45.0;55.0;78.0;115.0;80.0;90.0;77.0;61.0;49.0;38.0;50.0;38.0;58.0;69.0;64.0;111.0;89.0;90.0;82.0;78.0;63.0;65.0;57.0;62.0;76.0;80.0;118.0;120.0;91.0;105.0;71.0;87.0;77.0;89.0;83.0;55.0;66.0;87.0;81.0;119.0;105.0;87.0;75.0;73.0;68.0;62.0;72.0;51.0;76.0;58.0;106.0;128.0;129.0;113.0;87.0;78.0;59.0;66.0;51.0;50.0;63.0;60.0;86.0;107.0;107.0;103.0;92.0;63.0;66.0;79.0;70.0;43.0;67.0;67.0;89.0;121.0;109.0;72.0;68.0;68.0;62.0;73.0;68.0;57.0;70.0;61.0;107.0;177.0;181.0;119.0;93.0;69.0;59.0;74.0;66.0;56.0;78.0;66.0;96.0;129.0;127.0;135.0;100.0;65.0;70.0;78.0;57.0;40.0;60.0;67.0;116.0;205.0;137.0;99.0;79.0;88.0;61.0;61.0;58.0;60.0;75.0;64.0;131.0;184.0;144.0;133.0;99.0;91.0;64.0;59.0;70.0;58.0;55.0;72.0;82.0;130.0;126.0;102.0;87.0;81.0;55.0;63.0;63.0;62.0;52.0;74.0;98.0;136.0;91.0;161.0;98.0;52.0;46.0;46.0;55.0;63.0;73.0;60.0;67.0
066  Insuficiencia respiratoria;111.0;86.0;73.0;70.0;61.0;60.0;80.0;67.0;65.0;71.0;88.0;111.0;185.0;101.0;118.0;95.0;71.0;127.0;99.0;106.0;88.0;80.0;77.0;90.0;105.0;69.0;80.0;90.0;88.0;79.0;109.0;93.0;89.0;87.0;120.0;158.0;223.0;194.0;122.0;104.0;108.0;107.0;104.0;97.0;93.0;102.0;101.0;119.0;136.0;115.0;147.0;133.0;126.0;116.0;111.0;123.0;119.0;106.0;108.0;112.0;146.0;118.0;132.0;160.0;133.0;116.0;124.0;133.0;103.0;135.0;142.0;213.0;222.0;168.0;150.0;110.0;112.0;108.0;96.0;98.0;101.0;104.0;128.0;133.0;133.0;119.0;100.0;110.0;88.0;111.0;116.0;127.0;106.0;113.0;120.0;122.0;108.0;112.0;169.0;126.0;124.0;91.0;124.0;147.0;99.0;119.0;112.0;219.0;200.0;164.0;134.0;101.0;138.0;123.0;161.0;154.0;103.0;123.0;115.0;179.0;254.0;224.0;160.0;139.0;157.0;125.0;131.0;126.0;113.0;105.0;124.0;204.0;164.0;198.0;144.0;127.0;116.0;94.0;123.0;127.0;100.0;97.0;115.0;171.0;193.0;160.0;138.0;129.0;115.0;78.0;104.0;118.0;89.0;108.0;110.0;152.0;181.0;166.0;197.0;164.0;119.0;108.0;128.0;117.0;100.0;102.0;109.0;140.0;162.0;145.0;126.0;97.0;115.0;92.0;122.0;134.0;73.0;90.0;101.0;118.0;152.0;118.0;131.0;132.0;94.0;87.0;125.0;100.0;86.0;105.0;88.0;167.0;186.0;130.0;167.0;140.0;108.0;100.0;118.0;116.0;96.0;113.0;124.0;198.0;242.0;152.0;146.0;126.0;119.0;104.0;116.0;110.0;92.0;87.0;104.0;130.0;174.0;193.0;145.0;114.0;120.0;92.0;102.0;121.0;107.0;117.0;111.0;164.0;534.0;558.0;430.0;298.0;239.0;228.0;275.0;243.0;203.0;219.0;229.0;379.0;660.0;390.0;328.0;282.0;288.0;278.0;266.0;247.0;237.0;279.0;286.0;308.0;250.0;207.0;231.0;198.0;220.0;185.0;223.0;226.0;162.0;188.0;208.0;284.0;347.0;292.0;281.0;187.0;206.0;208.0;205.0;184.0;182.0;158.0;188.0;264.0;321.0;269.0;274.0;214.0;231.0;261.0;219.0;292.0;210.0;232.0;283.0;310.0;338.0;243.0;295.0;220.0;192.0;184.0;205.0;224.0;178.0;188.0;214.0;296.0;565.0;389.0;403.0;234.0;203.0;186.0;219.0;215.0;181.0;219.0;225.0;298.0;301.0;276.0;321.0;233.0;213.0;214.0;257.0;241.0;205.0;249.0;225.0;345.0;454.0;379.0;344.0;283.0;290.0;279.0;260.0;229.0;209.0;248.0;316.0;354.0;436.0;332.0;332.0;273.0;251.0;228.0;265.0;250.0;239.0;238.0;265.0;367.0;487.0;305.0;252.0;224.0;214.0;187.0;177.0;183.0;134.0;174.0;182.0;227.0;254.0;204.0;201.0;190.0;177.0;207.0;169.0;150.0;165.0;195.0;163.0;209.0;271.0;234.0;217.0;193.0;196.0;181.0;194.0;153.0;161.0;146.0;180.0;229.0;307.0;335.0;268.0;187.0;194.0;166.0;163.0;183.0;138.0;160.0;151.0;184.0;226.0;195.0;215.0;183.0;158.0;161.0;146.0;144.0;132.0;148.0;180.0;224.0;266.0;219.0;182.0;145.0;154.0;127.0;143.0;155.0;125.0;139.0;172.0;197.0;321.0;269.0;225.0;177.0;145.0;152.0;191.0;125.0;143.0;145.0;171.0;165.0;228.0;194.0;195.0;177.0;146.0;145.0;162.0;158.0;134.0;164.0;171.0;200.0;295.0;202.0;205.0;149.0;151.0;142.0;144.0;133.0;126.0;131.0;129.0;218.0;263.0;205.0;204.0;210.0;145.0;166.0;167.0;149.0;126.0;144.0;174.0;195.0;251.0;210.0;215.0;153.0;181.0;150.0;154.0;150.0;155.0;181.0;156.0;215.0;216.0;191.0;323.0;198.0;119.0;118.0;162.0;147.0;123.0;149.0;127.0;166.0
067  Otras enfermedades del sistema respiratorio;944.0;763.0;720.0;626.0;610.0;598.0;598.0;598.0;538.0;567.0;574.0;1239.0;1291.0;994.0;816.0;682.0;662.0;587.0;499.0;486.0;434.0;556.0;603.0;737.0;805.0;804.0;754.0;690.0;656.0;641.0;585.0;612.0;510.0;639.0;694.0;1042.0;1283.0;1052.0;762.0;685.0;563.0;574.0;617.0;540.0;592.0;585.0;610.0;697.0;805.0;739.0;816.0;658.0;536.0;593.0;588.0;497.0;439.0;616.0;524.0;678.0;955.0;649.0;851.0;736.0;626.0;554.0;620.0;655.0;521.0;490.0;651.0;912.0;1151.0;860.0;638.0;570.0;563.0;499.0;551.0;485.0;430.0;502.0;593.0;674.0;964.0;652.0;630.0;602.0;549.0;501.0;562.0;624.0;510.0;554.0;662.0;648.0;647.0;665.0;860.0;644.0;559.0;557.0;552.0;616.0;509.0;584.0;606.0;996.0;1107.0;771.0;703.0;669.0;676.0;599.0;680.0;684.0;527.0;593.0;593.0;734.0;1287.0;989.0;773.0;797.0;700.0;598.0;773.0;660.0;590.0;637.0;652.0;943.0;930.0;976.0;906.0;778.0;765.0;595.0;697.0;665.0;567.0;711.0;710.0;925.0;1174.0;903.0;786.0;740.0;653.0;579.0;680.0;584.0;514.0;666.0;581.0;717.0;909.0;943.0;1089.0;745.0;638.0;608.0;629.0;730.0;545.0;709.0;687.0;923.0;1162.0;871.0;691.0;651.0;687.0;640.0;745.0;693.0;630.0;684.0;622.0;717.0;1055.0;965.0;909.0;788.0;731.0;613.0;737.0;699.0;640.0;700.0;684.0;1080.0;1169.0;931.0;985.0;834.0;758.0;789.0;752.0;705.0;702.0;722.0;840.0;1172.0;1501.0;1008.0;1019.0;846.0;754.0;659.0;685.0;827.0;655.0;729.0;817.0;999.0;1326.0;1510.0;1284.0;904.0;839.0;716.0;838.0;922.0;723.0;868.0;799.0;1199.0;1761.0;1927.0;1408.0;902.0;807.0;698.0;824.0;824.0;749.0;804.0;904.0;1215.0;2118.0;1273.0;1036.0;933.0;879.0;836.0;832.0;845.0;739.0;864.0;893.0;955.0;1184.0;1026.0;1074.0;990.0;1012.0;973.0;946.0;1026.0;832.0;970.0;976.0;1379.0;2000.0;1488.0;1335.0;1069.0;1010.0;932.0;942.0;885.0;869.0;914.0;1031.0;1200.0;1524.0;1238.0;1275.0;1182.0;1089.0;1220.0;1163.0;1528.0;984.0;1049.0;1337.0;1659.0;1673.0;1134.0;1262.0;1128.0;1003.0;970.0;902.0;952.0;823.0;1014.0;988.0;1563.0;3102.0;1911.0;1792.0;1266.0;1136.0;1000.0;1019.0;888.0;789.0;1028.0;1008.0;1343.0;1511.0;1259.0;1441.0;1183.0;1113.0;1002.0;1180.0;1041.0;974.0;1027.0;1074.0;1427.0;1917.0;1751.0;1381.0;1381.0;1223.0;1091.0;1124.0;1055.0;954.0;1144.0;1402.0;1610.0;2030.0;1653.0;1676.0;1301.0;1206.0;1154.0;1174.0;1169.0;998.0;1204.0;1278.0;1734.0;2529.0;1510.0;1381.0;1291.0;1204.0;1076.0;1038.0;1067.0;920.0;1094.0;1208.0;1380.0;1591.0;1275.0;1331.0;1236.0;1152.0;1002.0;1205.0;1108.0;984.0;1133.0;1240.0;1467.0;1791.0;1514.0;1355.0;1281.0;1145.0;1133.0;1066.0;1153.0;1014.0;1197.0;1369.0;1585.0;2227.0;2686.0;2218.0;1442.0;1394.0;1118.0;1157.0;1211.0;987.0;1194.0;1290.0;1518.0;1800.0;1711.0;1737.0;1351.0;1197.0;1150.0;1344.0;1148.0;1019.0;1156.0;1323.0;1686.0;2158.0;1768.0;1662.0;1403.0;1266.0;1277.0;1225.0;1170.0;1124.0;1296.0;1318.0;1727.0;3256.0;2977.0;2259.0;1784.0;1567.0;1380.0;1814.0;1273.0;1154.0;1425.0;1492.0;1778.0;2091.0;1875.0;1996.0;1620.0;1480.0;1442.0;1480.0;1429.0;1238.0;1470.0;1569.0;2170.0;3679.0;2324.0;1899.0;1686.0;1716.0;1571.0;1304.0;1486.0;1271.0;1529.0;1675.0;2567.0;3911.0;2691.0;2537.0;2165.0;1789.0;1633.0;1475.0;1609.0;1397.0;1553.0;1787.0;2118.0;2937.0;2322.0;1963.0;1718.0;1632.0;1395.0;1481.0;1220.0;1199.0;1420.0;1651.0;1921.0;2630.0;2059.0;2450.0;1517.0;1041.0;1027.0;1292.0;1289.0;1106.0;1175.0;1157.0;1245.0
