Serie mensual;001-102  I-XXII.Todas las causas;00A COVID-19. Virus identificado;00B COVID-19. Virus no identificado (sospechoso);062-067  X.Enfermedades del sistema respiratorio;062  Influenza (gripe) (incluye gripe aviar y gripe A);063  Neumonía;064  Enfermedades crónicas de las vías respiratorias inferiores (excepto asma);065  Asma;066  Insuficiencia respiratoria;067  Otras enfermedades del sistema respiratorio
1980M01;28681.0;0.0;0.0;3150.0;155.0;1044.0;686.0;210.0;111.0;944.0
1980M02;23906.0;0.0;0.0;2442.0;68.0;808.0;566.0;151.0;86.0;763.0
1980M03;25275.0;0.0;0.0;2380.0;73.0;794.0;576.0;144.0;73.0;720.0
1980M04;22500.0;0.0;0.0;2136.0;50.0;720.0;532.0;138.0;70.0;626.0
1980M05;22781.0;0.0;0.0;2061.0;47.0;726.0;482.0;135.0;61.0;610.0
1980M06;21495.0;0.0;0.0;1799.0;43.0;618.0;374.0;106.0;60.0;598.0
1980M07;22117.0;0.0;0.0;1811.0;26.0;612.0;386.0;109.0;80.0;598.0
1980M08;22735.0;0.0;0.0;1864.0;30.0;658.0;395.0;116.0;67.0;598.0
1980M09;21020.0;0.0;0.0;1581.0;12.0;528.0;339.0;99.0;65.0;538.0
1980M10;22852.0;0.0;0.0;2020.0;45.0;745.0;476.0;116.0;71.0;567.0
1980M11;23819.0;0.0;0.0;2200.0;80.0;776.0;547.0;135.0;88.0;574.0
1980M12;32163.0;0.0;0.0;4265.0;368.0;1276.0;1020.0;251.0;111.0;1239.0
1981M01;35505.0;0.0;0.0;5844.0;1173.0;1698.0;1232.0;265.0;185.0;1291.0
1981M02;26746.0;0.0;0.0;3589.0;380.0;1167.0;753.0;194.0;101.0;994.0
1981M03;26401.0;0.0;0.0;2966.0;158.0;1035.0;680.0;159.0;118.0;816.0
1981M04;22857.0;0.0;0.0;2196.0;76.0;741.0;479.0;123.0;95.0;682.0
1981M05;23174.0;0.0;0.0;2073.0;46.0;640.0;528.0;126.0;71.0;662.0
1981M06;23403.0;0.0;0.0;1896.0;26.0;617.0;436.0;103.0;127.0;587.0
1981M07;22307.0;0.0;0.0;1572.0;16.0;489.0;381.0;88.0;99.0;499.0
1981M08;21346.0;0.0;0.0;1574.0;9.0;475.0;386.0;112.0;106.0;486.0
1981M09;19952.0;0.0;0.0;1418.0;11.0;433.0;361.0;91.0;88.0;434.0
1981M10;22334.0;0.0;0.0;1823.0;44.0;593.0;457.0;93.0;80.0;556.0
1981M11;22974.0;0.0;0.0;1992.0;44.0;658.0;516.0;94.0;77.0;603.0
1981M12;26387.0;0.0;0.0;2423.0;71.0;721.0;661.0;143.0;90.0;737.0
1982M01;26097.0;0.0;0.0;2553.0;61.0;751.0;682.0;149.0;105.0;805.0
1982M02;24198.0;0.0;0.0;2432.0;68.0;704.0;649.0;138.0;69.0;804.0
1982M03;24814.0;0.0;0.0;2364.0;54.0;659.0;664.0;153.0;80.0;754.0
1982M04;23022.0;0.0;0.0;2087.0;48.0;591.0;539.0;129.0;90.0;690.0
1982M05;23301.0;0.0;0.0;1974.0;45.0;544.0;523.0;118.0;88.0;656.0
1982M06;22033.0;0.0;0.0;1832.0;26.0;566.0;437.0;83.0;79.0;641.0
1982M07;23643.0;0.0;0.0;1946.0;21.0;670.0;467.0;94.0;109.0;585.0
1982M08;22179.0;0.0;0.0;1710.0;16.0;491.0;408.0;90.0;93.0;612.0
1982M09;19822.0;0.0;0.0;1503.0;16.0;452.0;360.0;76.0;89.0;510.0
1982M10;23369.0;0.0;0.0;1904.0;28.0;572.0;461.0;117.0;87.0;639.0
1982M11;24280.0;0.0;0.0;2238.0;76.0;655.0;575.0;118.0;120.0;694.0
1982M12;29897.0;0.0;0.0;3433.0;217.0;989.0;868.0;159.0;158.0;1042.0
1983M01;35431.0;0.0;0.0;5221.0;691.0;1447.0;1349.0;228.0;223.0;1283.0
1983M02;31176.0;0.0;0.0;4241.0;526.0;1160.0;1113.0;196.0;194.0;1052.0
1983M03;26290.0;0.0;0.0;2642.0;138.0;706.0;758.0;156.0;122.0;762.0
1983M04;23567.0;0.0;0.0;2184.0;58.0;581.0;629.0;127.0;104.0;685.0
1983M05;23610.0;0.0;0.0;1974.0;24.0;532.0;627.0;120.0;108.0;563.0
1983M06;22439.0;0.0;0.0;1821.0;11.0;548.0;492.0;89.0;107.0;574.0
1983M07;23441.0;0.0;0.0;1860.0;6.0;551.0;465.0;117.0;104.0;617.0
1983M08;21832.0;0.0;0.0;1659.0;6.0;455.0;476.0;85.0;97.0;540.0
1983M09;21315.0;0.0;0.0;1598.0;14.0;462.0;361.0;76.0;93.0;592.0
1983M10;22015.0;0.0;0.0;1690.0;24.0;473.0;423.0;83.0;102.0;585.0
1983M11;24072.0;0.0;0.0;2009.0;55.0;593.0;554.0;96.0;101.0;610.0
1983M12;27381.0;0.0;0.0;2525.0;86.0;761.0;751.0;111.0;119.0;697.0
1984M01;28175.0;0.0;0.0;2773.0;77.0;821.0;807.0;127.0;136.0;805.0
1984M02;25792.0;0.0;0.0;2493.0;52.0;709.0;756.0;122.0;115.0;739.0
1984M03;29363.0;0.0;0.0;3198.0;143.0;915.0;1023.0;154.0;147.0;816.0
1984M04;25212.0;0.0;0.0;2612.0;134.0;687.0;873.0;127.0;133.0;658.0
1984M05;24006.0;0.0;0.0;2109.0;48.0;536.0;760.0;103.0;126.0;536.0
1984M06;23575.0;0.0;0.0;2024.0;20.0;488.0;697.0;110.0;116.0;593.0
1984M07;24268.0;0.0;0.0;1941.0;9.0;508.0;635.0;90.0;111.0;588.0
1984M08;22384.0;0.0;0.0;1777.0;14.0;449.0;570.0;124.0;123.0;497.0
1984M09;21416.0;0.0;0.0;1620.0;9.0;423.0;540.0;90.0;119.0;439.0
1984M10;24023.0;0.0;0.0;2032.0;33.0;542.0;647.0;88.0;106.0;616.0
1984M11;24294.0;0.0;0.0;2126.0;56.0;609.0;714.0;115.0;108.0;524.0
1984M12;26901.0;0.0;0.0;2439.0;53.0;656.0;810.0;130.0;112.0;678.0
1985M01;33332.0;0.0;0.0;3660.0;118.0;1018.0;1265.0;158.0;146.0;955.0
1985M02;25537.0;0.0;0.0;2567.0;61.0;661.0;963.0;115.0;118.0;649.0
1985M03;28391.0;0.0;0.0;3135.0;112.0;810.0;1104.0;126.0;132.0;851.0
1985M04;25741.0;0.0;0.0;2808.0;94.0;702.0;1016.0;100.0;160.0;736.0
1985M05;25123.0;0.0;0.0;2284.0;57.0;557.0;790.0;121.0;133.0;626.0
1985M06;22901.0;0.0;0.0;2001.0;23.0;539.0;678.0;91.0;116.0;554.0
1985M07;24912.0;0.0;0.0;2128.0;7.0;615.0;673.0;89.0;124.0;620.0
1985M08;23442.0;0.0;0.0;2009.0;7.0;468.0;667.0;79.0;133.0;655.0
1985M09;21999.0;0.0;0.0;1785.0;7.0;495.0;589.0;70.0;103.0;521.0
1985M10;23354.0;0.0;0.0;1983.0;25.0;531.0;714.0;88.0;135.0;490.0
1985M11;26379.0;0.0;0.0;2435.0;36.0;644.0;871.0;91.0;142.0;651.0
1985M12;31421.0;0.0;0.0;3669.0;165.0;969.0;1251.0;159.0;213.0;912.0
1986M01;34835.0;0.0;0.0;5005.0;402.0;1358.0;1707.0;165.0;222.0;1151.0
1986M02;29453.0;0.0;0.0;3655.0;251.0;883.0;1339.0;154.0;168.0;860.0
1986M03;27248.0;0.0;0.0;2704.0;78.0;690.0;1031.0;117.0;150.0;638.0
1986M04;25696.0;0.0;0.0;2335.0;42.0;607.0;915.0;91.0;110.0;570.0
1986M05;24858.0;0.0;0.0;2127.0;25.0;561.0;766.0;100.0;112.0;563.0
1986M06;22689.0;0.0;0.0;1722.0;11.0;412.0;624.0;68.0;108.0;499.0
1986M07;23935.0;0.0;0.0;1880.0;8.0;511.0;630.0;84.0;96.0;551.0
1986M08;23151.0;0.0;0.0;1679.0;2.0;464.0;543.0;87.0;98.0;485.0
1986M09;22087.0;0.0;0.0;1604.0;10.0;458.0;538.0;67.0;101.0;430.0
1986M10;23267.0;0.0;0.0;1866.0;12.0;502.0;667.0;79.0;104.0;502.0
1986M11;25390.0;0.0;0.0;2264.0;34.0;602.0;810.0;97.0;128.0;593.0
1986M12;27804.0;0.0;0.0;2557.0;34.0;663.0;940.0;113.0;133.0;674.0
1987M01;32201.0;0.0;0.0;3748.0;203.0;915.0;1410.0;123.0;133.0;964.0
1987M02;26225.0;0.0;0.0;2792.0;132.0;716.0;1078.0;95.0;119.0;652.0
1987M03;26256.0;0.0;0.0;2463.0;50.0;625.0;957.0;101.0;100.0;630.0
1987M04;25043.0;0.0;0.0;2256.0;39.0;517.0;899.0;89.0;110.0;602.0
1987M05;24272.0;0.0;0.0;1960.0;14.0;483.0;751.0;75.0;88.0;549.0
1987M06;23502.0;0.0;0.0;1919.0;14.0;496.0;717.0;80.0;111.0;501.0
1987M07;24444.0;0.0;0.0;1966.0;9.0;511.0;686.0;82.0;116.0;562.0
1987M08;25290.0;0.0;0.0;2100.0;2.0;548.0;707.0;92.0;127.0;624.0
1987M09;23122.0;0.0;0.0;1850.0;8.0;476.0;678.0;72.0;106.0;510.0
1987M10;25415.0;0.0;0.0;2013.0;14.0;500.0;747.0;85.0;113.0;554.0
1987M11;25769.0;0.0;0.0;2328.0;26.0;534.0;912.0;74.0;120.0;662.0
1987M12;28534.0;0.0;0.0;2580.0;43.0;613.0;1044.0;110.0;122.0;648.0
1988M01;29003.0;0.0;0.0;2731.0;34.0;667.0;1172.0;103.0;108.0;647.0
1988M02;26656.0;0.0;0.0;2560.0;28.0;586.0;1075.0;94.0;112.0;665.0
1988M03;30566.0;0.0;0.0;3347.0;89.0;770.0;1340.0;119.0;169.0;860.0
1988M04;25585.0;0.0;0.0;2511.0;54.0;532.0;1072.0;83.0;126.0;644.0
1988M05;24958.0;0.0;0.0;2069.0;20.0;445.0;846.0;75.0;124.0;559.0
1988M06;23729.0;0.0;0.0;1962.0;10.0;457.0;761.0;86.0;91.0;557.0
1988M07;25722.0;0.0;0.0;2064.0;6.0;514.0;799.0;69.0;124.0;552.0
1988M08;25825.0;0.0;0.0;2224.0;5.0;524.0;848.0;84.0;147.0;616.0
1988M09;23773.0;0.0;0.0;1842.0;5.0;443.0;716.0;70.0;99.0;509.0
1988M10;24945.0;0.0;0.0;2120.0;13.0;486.0;846.0;72.0;119.0;584.0
1988M11;25853.0;0.0;0.0;2223.0;30.0;520.0;878.0;77.0;112.0;606.0
1988M12;32822.0;0.0;0.0;3860.0;151.0;859.0;1501.0;134.0;219.0;996.0
1989M01;33709.0;0.0;0.0;4348.0;269.0;912.0;1746.0;114.0;200.0;1107.0
1989M02;28243.0;0.0;0.0;3190.0;87.0;693.0;1355.0;120.0;164.0;771.0
1989M03;27857.0;0.0;0.0;2785.0;38.0;582.0;1213.0;115.0;134.0;703.0
1989M04;26030.0;0.0;0.0;2422.0;25.0;503.0;1031.0;93.0;101.0;669.0
1989M05;26165.0;0.0;0.0;2373.0;13.0;495.0;963.0;88.0;138.0;676.0
1989M06;25244.0;0.0;0.0;2147.0;3.0;451.0;896.0;75.0;123.0;599.0
1989M07;27615.0;0.0;0.0;2363.0;5.0;542.0;910.0;65.0;161.0;680.0
1989M08;26430.0;0.0;0.0;2339.0;9.0;595.0;815.0;82.0;154.0;684.0
1989M09;23499.0;0.0;0.0;1866.0;6.0;437.0;719.0;74.0;103.0;527.0
1989M10;25431.0;0.0;0.0;2099.0;19.0;465.0;828.0;71.0;123.0;593.0
1989M11;26078.0;0.0;0.0;2326.0;33.0;555.0;944.0;86.0;115.0;593.0
1989M12;28495.0;0.0;0.0;2790.0;36.0;596.0;1149.0;96.0;179.0;734.0
1990M01;35993.0;0.0;0.0;5045.0;327.0;1060.0;1964.0;153.0;254.0;1287.0
1990M02;29529.0;0.0;0.0;4186.0;276.0;945.0;1645.0;107.0;224.0;989.0
1990M03;28299.0;0.0;0.0;2948.0;67.0;573.0;1299.0;76.0;160.0;773.0
1990M04;26607.0;0.0;0.0;2736.0;41.0;598.0;1077.0;84.0;139.0;797.0
1990M05;25728.0;0.0;0.0;2553.0;12.0;537.0;1061.0;86.0;157.0;700.0
1990M06;24319.0;0.0;0.0;2084.0;9.0;448.0;837.0;67.0;125.0;598.0
1990M07;27758.0;0.0;0.0;2510.0;5.0;602.0;923.0;76.0;131.0;773.0
1990M08;25898.0;0.0;0.0;2286.0;3.0;501.0;893.0;103.0;126.0;660.0
1990M09;23722.0;0.0;0.0;1898.0;6.0;436.0;679.0;74.0;113.0;590.0
1990M10;25741.0;0.0;0.0;2159.0;15.0;453.0;886.0;63.0;105.0;637.0
1990M11;26710.0;0.0;0.0;2456.0;26.0;545.0;1020.0;89.0;124.0;652.0
1990M12;32838.0;0.0;0.0;3338.0;45.0;647.0;1389.0;110.0;204.0;943.0
1991M01;32331.0;0.0;0.0;3563.0;68.0;678.0;1608.0;115.0;164.0;930.0
1991M02;30888.0;0.0;0.0;3685.0;96.0;691.0;1606.0;118.0;198.0;976.0
1991M03;30995.0;0.0;0.0;3504.0;104.0;665.0;1575.0;110.0;144.0;906.0
1991M04;27321.0;0.0;0.0;2796.0;25.0;524.0;1247.0;95.0;127.0;778.0
1991M05;27570.0;0.0;0.0;2561.0;10.0;472.0;1105.0;93.0;116.0;765.0
1991M06;25130.0;0.0;0.0;2119.0;6.0;430.0;927.0;67.0;94.0;595.0
1991M07;27716.0;0.0;0.0;2318.0;0.0;500.0;948.0;50.0;123.0;697.0
1991M08;26545.0;0.0;0.0;2290.0;3.0;516.0;922.0;57.0;127.0;665.0
1991M09;23741.0;0.0;0.0;1889.0;7.0;375.0;791.0;49.0;100.0;567.0
1991M10;27013.0;0.0;0.0;2390.0;20.0;487.0;1002.0;73.0;97.0;711.0
1991M11;27681.0;0.0;0.0;2553.0;25.0;535.0;1084.0;84.0;115.0;710.0
1991M12;30760.0;0.0;0.0;3326.0;78.0;660.0;1404.0;88.0;171.0;925.0
1992M01;35324.0;0.0;0.0;4533.0;107.0;911.0;2020.0;128.0;193.0;1174.0
1992M02;30351.0;0.0;0.0;3554.0;51.0;740.0;1591.0;109.0;160.0;903.0
1992M03;29175.0;0.0;0.0;2994.0;18.0;596.0;1369.0;87.0;138.0;786.0
1992M04;27123.0;0.0;0.0;2702.0;19.0;548.0;1183.0;83.0;129.0;740.0
1992M05;26214.0;0.0;0.0;2383.0;16.0;486.0;1041.0;72.0;115.0;653.0
1992M06;24339.0;0.0;0.0;1935.0;10.0;373.0;829.0;66.0;78.0;579.0
1992M07;26827.0;0.0;0.0;2256.0;4.0;486.0;915.0;67.0;104.0;680.0
1992M08;26364.0;0.0;0.0;2129.0;2.0;547.0;819.0;59.0;118.0;584.0
1992M09;23512.0;0.0;0.0;1730.0;1.0;353.0;705.0;68.0;89.0;514.0
1992M10;27181.0;0.0;0.0;2279.0;17.0;486.0;934.0;68.0;108.0;666.0
1992M11;26302.0;0.0;0.0;2238.0;9.0;508.0;950.0;80.0;110.0;581.0
1992M12;28803.0;0.0;0.0;2559.0;17.0;482.0;1101.0;90.0;152.0;717.0
1993M01;32609.0;0.0;0.0;3536.0;57.0;795.0;1497.0;97.0;181.0;909.0
1993M02;29599.0;0.0;0.0;3535.0;82.0;710.0;1543.0;91.0;166.0;943.0
1993M03;33489.0;0.0;0.0;4280.0;128.0;822.0;1915.0;129.0;197.0;1089.0
1993M04;27840.0;0.0;0.0;2903.0;42.0;555.0;1296.0;101.0;164.0;745.0
1993M05;26546.0;0.0;0.0;2389.0;9.0;473.0;1083.0;67.0;119.0;638.0
1993M06;25342.0;0.0;0.0;2144.0;8.0;466.0;892.0;62.0;108.0;608.0
1993M07;26138.0;0.0;0.0;2141.0;2.0;453.0;856.0;73.0;128.0;629.0
1993M08;26464.0;0.0;0.0;2288.0;3.0;483.0;895.0;60.0;117.0;730.0
1993M09;24244.0;0.0;0.0;1839.0;2.0;392.0;757.0;43.0;100.0;545.0
1993M10;27790.0;0.0;0.0;2408.0;13.0;514.0;998.0;72.0;102.0;709.0
1993M11;27570.0;0.0;0.0;2595.0;19.0;579.0;1130.0;71.0;109.0;687.0
1993M12;32030.0;0.0;0.0;3487.0;65.0;739.0;1515.0;105.0;140.0;923.0
1994M01;35324.0;0.0;0.0;4677.0;135.0;981.0;2101.0;136.0;162.0;1162.0
1994M02;29616.0;0.0;0.0;3435.0;54.0;725.0;1535.0;105.0;145.0;871.0
1994M03;28590.0;0.0;0.0;2717.0;21.0;556.0;1232.0;91.0;126.0;691.0
1994M04;26991.0;0.0;0.0;2399.0;9.0;473.0;1091.0;78.0;97.0;651.0
1994M05;26746.0;0.0;0.0;2436.0;11.0;481.0;1086.0;56.0;115.0;687.0
1994M06;25350.0;0.0;0.0;2164.0;8.0;417.0;950.0;57.0;92.0;640.0
1994M07;29468.0;0.0;0.0;2624.0;5.0;653.0;1018.0;81.0;122.0;745.0
1994M08;27408.0;0.0;0.0;2373.0;2.0;512.0;958.0;74.0;134.0;693.0
1994M09;24731.0;0.0;0.0;2003.0;4.0;387.0;845.0;64.0;73.0;630.0
1994M10;27295.0;0.0;0.0;2430.0;19.0;501.0;1064.0;72.0;90.0;684.0
1994M11;26756.0;0.0;0.0;2336.0;20.0;453.0;1071.0;69.0;101.0;622.0
1994M12;29967.0;0.0;0.0;2636.0;12.0;520.0;1189.0;80.0;118.0;717.0
1995M01;33787.0;0.0;0.0;3849.0;61.0;747.0;1737.0;97.0;152.0;1055.0
1995M02;29151.0;0.0;0.0;3597.0;92.0;668.0;1649.0;105.0;118.0;965.0
1995M03;31853.0;0.0;0.0;3532.0;72.0;700.0;1646.0;74.0;131.0;909.0
1995M04;28486.0;0.0;0.0;2999.0;30.0;600.0;1364.0;85.0;132.0;788.0
1995M05;27481.0;0.0;0.0;2653.0;8.0;534.0;1210.0;76.0;94.0;731.0
1995M06;25542.0;0.0;0.0;2127.0;4.0;427.0;942.0;54.0;87.0;613.0
1995M07;29164.0;0.0;0.0;2500.0;4.0;540.0;1028.0;66.0;125.0;737.0
1995M08;26989.0;0.0;0.0;2327.0;3.0;518.0;945.0;62.0;100.0;699.0
1995M09;25159.0;0.0;0.0;2093.0;10.0;431.0;876.0;50.0;86.0;640.0
1995M10;26990.0;0.0;0.0;2418.0;16.0;530.0;1006.0;61.0;105.0;700.0
1995M11;27316.0;0.0;0.0;2472.0;16.0;551.0;1071.0;62.0;88.0;684.0
1995M12;34309.0;0.0;0.0;4142.0;100.0;857.0;1815.0;123.0;167.0;1080.0
1996M01;33783.0;0.0;0.0;4441.0;163.0;891.0;1900.0;132.0;186.0;1169.0
1996M02;30515.0;0.0;0.0;3500.0;45.0;646.0;1648.0;100.0;130.0;931.0
1996M03;32510.0;0.0;0.0;3603.0;34.0;686.0;1629.0;102.0;167.0;985.0
1996M04;28092.0;0.0;0.0;2960.0;22.0;558.0;1322.0;84.0;140.0;834.0
1996M05;28249.0;0.0;0.0;2624.0;8.0;529.0;1153.0;68.0;108.0;758.0
1996M06;26829.0;0.0;0.0;2524.0;2.0;485.0;1071.0;77.0;100.0;789.0
1996M07;28140.0;0.0;0.0;2451.0;2.0;485.0;1018.0;76.0;118.0;752.0
1996M08;26483.0;0.0;0.0;2335.0;3.0;479.0;961.0;71.0;116.0;705.0
1996M09;25872.0;0.0;0.0;2264.0;4.0;409.0;985.0;68.0;96.0;702.0
1996M10;27876.0;0.0;0.0;2494.0;23.0;567.0;1011.0;58.0;113.0;722.0
1996M11;28994.0;0.0;0.0;2880.0;29.0;553.0;1254.0;80.0;124.0;840.0
1996M12;34106.0;0.0;0.0;4238.0;100.0;856.0;1811.0;101.0;198.0;1172.0
1997M01;38937.0;0.0;0.0;5734.0;216.0;1157.0;2455.0;163.0;242.0;1501.0
1997M02;30320.0;0.0;0.0;3863.0;99.0;727.0;1784.0;93.0;152.0;1008.0
1997M03;31066.0;0.0;0.0;3665.0;31.0;697.0;1676.0;96.0;146.0;1019.0
1997M04;28496.0;0.0;0.0;3031.0;17.0;572.0;1388.0;82.0;126.0;846.0
1997M05;27761.0;0.0;0.0;2616.0;7.0;511.0;1144.0;81.0;119.0;754.0
1997M06;25867.0;0.0;0.0;2277.0;3.0;472.0;971.0;68.0;104.0;659.0
1997M07;27079.0;0.0;0.0;2362.0;4.0;494.0;982.0;81.0;116.0;685.0
1997M08;27763.0;0.0;0.0;2600.0;2.0;559.0;1040.0;62.0;110.0;827.0
1997M09;25300.0;0.0;0.0;2112.0;1.0;412.0;903.0;49.0;92.0;655.0
1997M10;26782.0;0.0;0.0;2331.0;7.0;488.0;955.0;65.0;87.0;729.0
1997M11;28498.0;0.0;0.0;2683.0;15.0;593.0;1084.0;70.0;104.0;817.0
1997M12;31652.0;0.0;0.0;3245.0;33.0;655.0;1347.0;81.0;130.0;999.0
1998M01;35096.0;0.0;0.0;4665.0;124.0;917.0;2005.0;119.0;174.0;1326.0
1998M02;34733.0;0.0;0.0;5512.0;246.0;1110.0;2329.0;124.0;193.0;1510.0
1998M03;33595.0;0.0;0.0;4566.0;113.0;946.0;1954.0;124.0;145.0;1284.0
1998M04;28957.0;0.0;0.0;3130.0;35.0;608.0;1378.0;91.0;114.0;904.0
1998M05;28276.0;0.0;0.0;2700.0;6.0;523.0;1151.0;61.0;120.0;839.0
1998M06;26791.0;0.0;0.0;2433.0;4.0;458.0;1085.0;78.0;92.0;716.0
1998M07;28785.0;0.0;0.0;2646.0;9.0;507.0;1107.0;83.0;102.0;838.0
1998M08;28211.0;0.0;0.0;2674.0;5.0;547.0;1035.0;44.0;121.0;922.0
1998M09;25553.0;0.0;0.0;2311.0;4.0;459.0;953.0;65.0;107.0;723.0
1998M10;28296.0;0.0;0.0;2655.0;23.0;496.0;1077.0;74.0;117.0;868.0
1998M11;27844.0;0.0;0.0;2558.0;13.0;521.0;1049.0;65.0;111.0;799.0
1998M12;34374.0;0.0;0.0;3897.0;38.0;779.0;1602.0;115.0;164.0;1199.0
1999M01;40691.0;0.0;0.0;6720.0;363.0;1230.0;2656.0;176.0;534.0;1761.0
1999M02;39898.0;0.0;0.0;7408.0;476.0;1347.0;2935.0;165.0;558.0;1927.0
1999M03;34486.0;0.0;0.0;5230.0;194.0;961.0;2112.0;125.0;430.0;1408.0
1999M04;28878.0;0.0;0.0;3321.0;31.0;589.0;1429.0;72.0;298.0;902.0
1999M05;28011.0;0.0;0.0;2886.0;9.0;545.0;1203.0;83.0;239.0;807.0
1999M06;25938.0;0.0;0.0;2387.0;3.0;447.0;964.0;47.0;228.0;698.0
1999M07;28160.0;0.0;0.0;2679.0;6.0;526.0;987.0;61.0;275.0;824.0
1999M08;27995.0;0.0;0.0;2614.0;2.0;501.0;964.0;80.0;243.0;824.0
1999M09;25750.0;0.0;0.0;2354.0;3.0;439.0;908.0;52.0;203.0;749.0
1999M10;28039.0;0.0;0.0;2605.0;17.0;479.0;1030.0;56.0;219.0;804.0
1999M11;29342.0;0.0;0.0;2882.0;12.0;553.0;1128.0;56.0;229.0;904.0
1999M12;33914.0;0.0;0.0;4108.0;70.0;685.0;1676.0;83.0;379.0;1215.0
2000M01;42568.0;0.0;0.0;7594.0;454.0;1393.0;2819.0;150.0;660.0;2118.0
2000M02;32201.0;0.0;0.0;4695.0;163.0;913.0;1844.0;112.0;390.0;1273.0
2000M03;30212.0;0.0;0.0;3518.0;25.0;618.0;1433.0;78.0;328.0;1036.0
2000M04;29357.0;0.0;0.0;3176.0;15.0;576.0;1308.0;62.0;282.0;933.0
2000M05;28493.0;0.0;0.0;2901.0;7.0;547.0;1122.0;58.0;288.0;879.0
2000M06;27470.0;0.0;0.0;2649.0;4.0;467.0;1005.0;59.0;278.0;836.0
2000M07;27960.0;0.0;0.0;2606.0;5.0;475.0;983.0;45.0;266.0;832.0
2000M08;27875.0;0.0;0.0;2614.0;1.0;500.0;974.0;47.0;247.0;845.0
2000M09;25686.0;0.0;0.0;2337.0;2.0;435.0;885.0;39.0;237.0;739.0
2000M10;28793.0;0.0;0.0;2783.0;18.0;516.0;1057.0;49.0;279.0;864.0
2000M11;29113.0;0.0;0.0;2869.0;16.0;558.0;1059.0;57.0;286.0;893.0
2000M12;30663.0;0.0;0.0;3241.0;13.0;592.0;1316.0;57.0;308.0;955.0
2001M01;32621.0;0.0;0.0;3605.0;10.0;665.0;1402.0;94.0;250.0;1184.0
2001M02;29053.0;0.0;0.0;3224.0;10.0;635.0;1274.0;72.0;207.0;1026.0
2001M03;31221.0;0.0;0.0;3368.0;23.0;626.0;1334.0;80.0;231.0;1074.0
2001M04;28799.0;0.0;0.0;3013.0;4.0;579.0;1183.0;59.0;198.0;990.0
2001M05;30478.0;0.0;0.0;3102.0;4.0;546.0;1261.0;59.0;220.0;1012.0
2001M06;28599.0;0.0;0.0;3014.0;3.0;635.0;1159.0;59.0;185.0;973.0
2001M07;29056.0;0.0;0.0;2797.0;0.0;537.0;1046.0;45.0;223.0;946.0
2001M08;29887.0;0.0;0.0;2892.0;1.0;561.0;1029.0;49.0;226.0;1026.0
2001M09;26314.0;0.0;0.0;2459.0;1.0;439.0;976.0;49.0;162.0;832.0
2001M10;28770.0;0.0;0.0;2874.0;5.0;559.0;1088.0;64.0;188.0;970.0
2001M11;30211.0;0.0;0.0;2992.0;10.0;575.0;1170.0;53.0;208.0;976.0
2001M12;35122.0;0.0;0.0;4022.0;9.0;735.0;1529.0;86.0;284.0;1379.0
2002M01;40049.0;0.0;0.0;6313.0;179.0;1217.0;2436.0;134.0;347.0;2000.0
2002M02;33242.0;0.0;0.0;4872.0;85.0;925.0;1964.0;118.0;292.0;1488.0
2002M03;33129.0;0.0;0.0;4236.0;33.0;786.0;1696.0;105.0;281.0;1335.0
2002M04;30379.0;0.0;0.0;3307.0;5.0;616.0;1360.0;70.0;187.0;1069.0
2002M05;29044.0;0.0;0.0;3026.0;1.0;555.0;1191.0;63.0;206.0;1010.0
2002M06;28851.0;0.0;0.0;2908.0;2.0;552.0;1143.0;71.0;208.0;932.0
2002M07;28793.0;0.0;0.0;2639.0;5.0;481.0;945.0;61.0;205.0;942.0
2002M08;27270.0;0.0;0.0;2496.0;0.0;478.0;901.0;48.0;184.0;885.0
2002M09;26486.0;0.0;0.0;2354.0;0.0;445.0;820.0;38.0;182.0;869.0
2002M10;29112.0;0.0;0.0;2693.0;4.0;530.0;1042.0;45.0;158.0;914.0
2002M11;29275.0;0.0;0.0;2935.0;7.0;570.0;1076.0;63.0;188.0;1031.0
2002M12;32988.0;0.0;0.0;3648.0;16.0;717.0;1373.0;78.0;264.0;1200.0
2003M01;35814.0;0.0;0.0;4523.0;31.0;806.0;1743.0;98.0;321.0;1524.0
2003M02;31863.0;0.0;0.0;3812.0;25.0;685.0;1503.0;92.0;269.0;1238.0
2003M03;32431.0;0.0;0.0;3769.0;15.0;656.0;1476.0;73.0;274.0;1275.0
2003M04;30596.0;0.0;0.0;3425.0;4.0;654.0;1303.0;68.0;214.0;1182.0
2003M05;30332.0;0.0;0.0;3208.0;1.0;576.0;1235.0;76.0;231.0;1089.0
2003M06;31816.0;0.0;0.0;3442.0;1.0;627.0;1264.0;69.0;261.0;1220.0
2003M07;31288.0;0.0;0.0;3162.0;1.0;605.0;1118.0;56.0;219.0;1163.0
2003M08;34729.0;0.0;0.0;3975.0;2.0;837.0;1254.0;62.0;292.0;1528.0
2003M09;27569.0;0.0;0.0;2672.0;0.0;514.0;910.0;54.0;210.0;984.0
2003M10;29859.0;0.0;0.0;3044.0;14.0;584.0;1103.0;62.0;232.0;1049.0
2003M11;32370.0;0.0;0.0;3983.0;31.0;760.0;1477.0;95.0;283.0;1337.0
2003M12;36161.0;0.0;0.0;4788.0;57.0;872.0;1801.0;89.0;310.0;1659.0
2004M01;36484.0;0.0;0.0;5006.0;28.0;993.0;1848.0;126.0;338.0;1673.0
2004M02;31233.0;0.0;0.0;3608.0;10.0;650.0;1481.0;90.0;243.0;1134.0
2004M03;33655.0;0.0;0.0;3796.0;9.0;674.0;1464.0;92.0;295.0;1262.0
2004M04;30515.0;0.0;0.0;3387.0;2.0;628.0;1348.0;61.0;220.0;1128.0
2004M05;30218.0;0.0;0.0;2965.0;5.0;557.0;1135.0;73.0;192.0;1003.0
2004M06;28163.0;0.0;0.0;2723.0;4.0;484.0;1017.0;64.0;184.0;970.0
2004M07;29360.0;0.0;0.0;2692.0;1.0;504.0;1027.0;53.0;205.0;902.0
2004M08;28895.0;0.0;0.0;2608.0;2.0;510.0;877.0;43.0;224.0;952.0
2004M09;26830.0;0.0;0.0;2270.0;2.0;436.0;785.0;46.0;178.0;823.0
2004M10;29896.0;0.0;0.0;2832.0;5.0;542.0;1019.0;64.0;188.0;1014.0
2004M11;30941.0;0.0;0.0;2880.0;2.0;546.0;1076.0;54.0;214.0;988.0
2004M12;35744.0;0.0;0.0;4382.0;17.0;832.0;1573.0;101.0;296.0;1563.0
2005M01;48081.0;0.0;0.0;9180.0;372.0;1780.0;3155.0;206.0;565.0;3102.0
2005M02;37467.0;0.0;0.0;5962.0;103.0;1220.0;2200.0;139.0;389.0;1911.0
2005M03;37528.0;0.0;0.0;5416.0;45.0;1107.0;1960.0;109.0;403.0;1792.0
2005M04;30311.0;0.0;0.0;3604.0;3.0;701.0;1312.0;88.0;234.0;1266.0
2005M05;29837.0;0.0;0.0;3178.0;2.0;596.0;1183.0;58.0;203.0;1136.0
2005M06;28559.0;0.0;0.0;2789.0;1.0;558.0;989.0;55.0;186.0;1000.0
2005M07;28647.0;0.0;0.0;2698.0;1.0;495.0;925.0;39.0;219.0;1019.0
2005M08;27687.0;0.0;0.0;2474.0;0.0;496.0;817.0;58.0;215.0;888.0
2005M09;26456.0;0.0;0.0;2257.0;4.0;422.0;817.0;44.0;181.0;789.0
2005M10;29144.0;0.0;0.0;2825.0;3.0;567.0;960.0;48.0;219.0;1028.0
2005M11;29657.0;0.0;0.0;2891.0;6.0;604.0;988.0;60.0;225.0;1008.0
2005M12;33981.0;0.0;0.0;3815.0;3.0;764.0;1349.0;58.0;298.0;1343.0
2006M01;35374.0;0.0;0.0;4287.0;16.0;861.0;1514.0;84.0;301.0;1511.0
2006M02;31464.0;0.0;0.0;3637.0;11.0;688.0;1334.0;69.0;276.0;1259.0
2006M03;33895.0;0.0;0.0;4053.0;6.0;784.0;1407.0;94.0;321.0;1441.0
2006M04;29716.0;0.0;0.0;3273.0;2.0;613.0;1177.0;65.0;233.0;1183.0
2006M05;29966.0;0.0;0.0;3072.0;1.0;593.0;1095.0;57.0;213.0;1113.0
2006M06;28618.0;0.0;0.0;2793.0;0.0;530.0;1010.0;37.0;214.0;1002.0
2006M07;31603.0;0.0;0.0;3121.0;2.0;627.0;1009.0;46.0;257.0;1180.0
2006M08;28966.0;0.0;0.0;2761.0;0.0;525.0;914.0;40.0;241.0;1041.0
2006M09;28006.0;0.0;0.0;2651.0;0.0;516.0;910.0;46.0;205.0;974.0
2006M10;29548.0;0.0;0.0;2885.0;3.0;606.0;971.0;29.0;249.0;1027.0
2006M11;29811.0;0.0;0.0;2997.0;2.0;633.0;988.0;75.0;225.0;1074.0
2006M12;34511.0;0.0;0.0;3980.0;5.0;839.0;1277.0;87.0;345.0;1427.0
2007M01;38650.0;0.0;0.0;5424.0;13.0;1107.0;1809.0;124.0;454.0;1917.0
2007M02;34226.0;0.0;0.0;4939.0;25.0;978.0;1688.0;118.0;379.0;1751.0
2007M03;34049.0;0.0;0.0;4108.0;6.0;785.0;1504.0;88.0;344.0;1381.0
2007M04;31920.0;0.0;0.0;3711.0;3.0;705.0;1264.0;75.0;283.0;1381.0
2007M05;30857.0;0.0;0.0;3305.0;2.0;628.0;1106.0;56.0;290.0;1223.0
2007M06;29081.0;0.0;0.0;2977.0;0.0;547.0;1006.0;54.0;279.0;1091.0
2007M07;29954.0;0.0;0.0;2955.0;0.0;545.0;978.0;48.0;260.0;1124.0
2007M08;29343.0;0.0;0.0;2796.0;2.0;575.0;892.0;43.0;229.0;1055.0
2007M09;27767.0;0.0;0.0;2536.0;0.0;477.0;841.0;55.0;209.0;954.0
2007M10;30733.0;0.0;0.0;3085.0;2.0;602.0;1044.0;45.0;248.0;1144.0
2007M11;32723.0;0.0;0.0;3804.0;6.0;752.0;1273.0;55.0;316.0;1402.0
2007M12;36058.0;0.0;0.0;4389.0;12.0;880.0;1455.0;78.0;354.0;1610.0
2008M01;38433.0;0.0;0.0;5555.0;26.0;1190.0;1758.0;115.0;436.0;2030.0
2008M02;34306.0;0.0;0.0;4495.0;17.0;889.0;1524.0;80.0;332.0;1653.0
2008M03;34582.0;0.0;0.0;4402.0;6.0;887.0;1411.0;90.0;332.0;1676.0
2008M04;31983.0;0.0;0.0;3626.0;8.0;787.0;1180.0;77.0;273.0;1301.0
2008M05;30099.0;0.0;0.0;3263.0;1.0;685.0;1059.0;61.0;251.0;1206.0
2008M06;29716.0;0.0;0.0;3013.0;2.0;623.0;957.0;49.0;228.0;1154.0
2008M07;30375.0;0.0;0.0;3057.0;1.0;621.0;958.0;38.0;265.0;1174.0
2008M08;29740.0;0.0;0.0;2939.0;0.0;587.0;883.0;50.0;250.0;1169.0
2008M09;27176.0;0.0;0.0;2618.0;1.0;525.0;817.0;38.0;239.0;998.0
2008M10;31081.0;0.0;0.0;3197.0;3.0;688.0;1006.0;58.0;238.0;1204.0
2008M11;31726.0;0.0;0.0;3364.0;4.0;706.0;1042.0;69.0;265.0;1278.0
2008M12;37107.0;0.0;0.0;4671.0;12.0;1003.0;1491.0;64.0;367.0;1734.0
2009M01;42003.0;0.0;0.0;6639.0;46.0;1456.0;2010.0;111.0;487.0;2529.0
2009M02;32614.0;0.0;0.0;4136.0;9.0;876.0;1347.0;89.0;305.0;1510.0
2009M03;33445.0;0.0;0.0;3855.0;1.0;823.0;1308.0;90.0;252.0;1381.0
2009M04;31139.0;0.0;0.0;3626.0;1.0;718.0;1310.0;82.0;224.0;1291.0
2009M05;31297.0;0.0;0.0;3320.0;1.0;663.0;1160.0;78.0;214.0;1204.0
2009M06;29381.0;0.0;0.0;2922.0;0.0;566.0;1030.0;63.0;187.0;1076.0
2009M07;29872.0;0.0;0.0;2846.0;5.0;484.0;1077.0;65.0;177.0;1038.0
2009M08;30224.0;0.0;0.0;2921.0;11.0;547.0;1056.0;57.0;183.0;1067.0
2009M09;27716.0;0.0;0.0;2476.0;10.0;446.0;904.0;62.0;134.0;920.0
2009M10;30764.0;0.0;0.0;3039.0;27.0;549.0;1119.0;76.0;174.0;1094.0
2009M11;30940.0;0.0;0.0;3369.0;89.0;640.0;1170.0;80.0;182.0;1208.0
2009M12;35538.0;0.0;0.0;4133.0;88.0;836.0;1484.0;118.0;227.0;1380.0
2010M01;36886.0;0.0;0.0;4396.0;32.0;857.0;1542.0;120.0;254.0;1591.0
2010M02;32564.0;0.0;0.0;3659.0;4.0;695.0;1390.0;91.0;204.0;1275.0
2010M03;33624.0;0.0;0.0;3707.0;2.0;652.0;1416.0;105.0;201.0;1331.0
2010M04;31352.0;0.0;0.0;3326.0;1.0;624.0;1204.0;71.0;190.0;1236.0
2010M05;31300.0;0.0;0.0;3141.0;2.0;530.0;1193.0;87.0;177.0;1152.0
2010M06;29198.0;0.0;0.0;2985.0;1.0;589.0;1109.0;77.0;207.0;1002.0
2010M07;31574.0;0.0;0.0;3157.0;1.0;571.0;1122.0;89.0;169.0;1205.0
2010M08;29735.0;0.0;0.0;2961.0;0.0;558.0;1062.0;83.0;150.0;1108.0
2010M09;27789.0;0.0;0.0;2623.0;1.0;502.0;916.0;55.0;165.0;984.0
2010M10;31122.0;0.0;0.0;3033.0;1.0;549.0;1089.0;66.0;195.0;1133.0
2010M11;31841.0;0.0;0.0;3347.0;2.0;665.0;1190.0;87.0;163.0;1240.0
2010M12;35062.0;0.0;0.0;3931.0;10.0;733.0;1431.0;81.0;209.0;1467.0
2011M01;38213.0;0.0;0.0;5126.0;92.0;1060.0;1793.0;119.0;271.0;1791.0
2011M02;33978.0;0.0;0.0;4311.0;74.0;850.0;1534.0;105.0;234.0;1514.0
2011M03;34656.0;0.0;0.0;4026.0;25.0;846.0;1496.0;87.0;217.0;1355.0
2011M04;31021.0;0.0;0.0;3517.0;7.0;672.0;1289.0;75.0;193.0;1281.0
2011M05;31119.0;0.0;0.0;3132.0;3.0;592.0;1123.0;73.0;196.0;1145.0
2011M06;29786.0;0.0;0.0;2974.0;1.0;537.0;1054.0;68.0;181.0;1133.0
2011M07;30349.0;0.0;0.0;2885.0;1.0;518.0;1044.0;62.0;194.0;1066.0
2011M08;30625.0;0.0;0.0;2951.0;2.0;542.0;1029.0;72.0;153.0;1153.0
2011M09;28546.0;0.0;0.0;2691.0;1.0;507.0;957.0;51.0;161.0;1014.0
2011M10;31605.0;0.0;0.0;3118.0;2.0;605.0;1092.0;76.0;146.0;1197.0
2011M11;31907.0;0.0;0.0;3392.0;0.0;657.0;1128.0;58.0;180.0;1369.0
2011M12;36106.0;0.0;0.0;4120.0;6.0;781.0;1413.0;106.0;229.0;1585.0
2012M01;40005.0;0.0;0.0;5659.0;28.0;1095.0;1874.0;128.0;307.0;2227.0
2012M02;43738.0;0.0;0.0;6989.0;92.0;1468.0;2279.0;129.0;335.0;2686.0
2012M03;39292.0;0.0;0.0;5815.0;62.0;1230.0;1924.0;113.0;268.0;2218.0
2012M04;32940.0;0.0;0.0;3862.0;7.0;734.0;1405.0;87.0;187.0;1442.0
2012M05;32297.0;0.0;0.0;3700.0;1.0;730.0;1303.0;78.0;194.0;1394.0
2012M06;29362.0;0.0;0.0;2955.0;4.0;547.0;1061.0;59.0;166.0;1118.0
2012M07;29599.0;0.0;0.0;2797.0;1.0;491.0;919.0;66.0;163.0;1157.0
2012M08;30683.0;0.0;0.0;2901.0;0.0;502.0;954.0;51.0;183.0;1211.0
2012M09;28116.0;0.0;0.0;2472.0;0.0;454.0;843.0;50.0;138.0;987.0
2012M10;30323.0;0.0;0.0;2993.0;3.0;550.0;1023.0;63.0;160.0;1194.0
2012M11;31804.0;0.0;0.0;3242.0;3.0;654.0;1084.0;60.0;151.0;1290.0
2012M12;34791.0;0.0;0.0;3951.0;4.0;834.0;1325.0;86.0;184.0;1518.0
2013M01;37053.0;0.0;0.0;4714.0;8.0;946.0;1627.0;107.0;226.0;1800.0
2013M02;33996.0;0.0;0.0;4391.0;26.0;874.0;1478.0;107.0;195.0;1711.0
2013M03;36332.0;0.0;0.0;4571.0;43.0;868.0;1605.0;103.0;215.0;1737.0
2013M04;31499.0;0.0;0.0;3513.0;15.0;705.0;1167.0;92.0;183.0;1351.0
2013M05;31322.0;0.0;0.0;3208.0;5.0;657.0;1128.0;63.0;158.0;1197.0
2013M06;30289.0;0.0;0.0;3017.0;1.0;548.0;1091.0;66.0;161.0;1150.0
2013M07;32046.0;0.0;0.0;3248.0;0.0;648.0;1031.0;79.0;146.0;1344.0
2013M08;29931.0;0.0;0.0;2771.0;2.0;506.0;901.0;70.0;144.0;1148.0
2013M09;28249.0;0.0;0.0;2568.0;0.0;477.0;897.0;43.0;132.0;1019.0
2013M10;30578.0;0.0;0.0;2959.0;4.0;583.0;1001.0;67.0;148.0;1156.0
2013M11;32092.0;0.0;0.0;3323.0;3.0;655.0;1095.0;67.0;180.0;1323.0
2013M12;37032.0;0.0;0.0;4282.0;4.0;866.0;1413.0;89.0;224.0;1686.0
2014M01;40362.0;0.0;0.0;5891.0;159.0;1256.0;1931.0;121.0;266.0;2158.0
2014M02;34834.0;0.0;0.0;4751.0;174.0;924.0;1557.0;109.0;219.0;1768.0
2014M03;35179.0;0.0;0.0;4195.0;56.0;807.0;1416.0;72.0;182.0;1662.0
2014M04;31894.0;0.0;0.0;3573.0;21.0;713.0;1223.0;68.0;145.0;1403.0
2014M05;31540.0;0.0;0.0;3207.0;5.0;601.0;1113.0;68.0;154.0;1266.0
2014M06;30655.0;0.0;0.0;3118.0;1.0;562.0;1089.0;62.0;127.0;1277.0
2014M07;30999.0;0.0;0.0;2945.0;2.0;543.0;959.0;73.0;143.0;1225.0
2014M08;30335.0;0.0;0.0;2868.0;2.0;494.0;979.0;68.0;155.0;1170.0
2014M09;29087.0;0.0;0.0;2688.0;1.0;495.0;886.0;57.0;125.0;1124.0
2014M10;32011.0;0.0;0.0;3168.0;2.0;628.0;1033.0;70.0;139.0;1296.0
2014M11;32466.0;0.0;0.0;3308.0;3.0;665.0;1089.0;61.0;172.0;1318.0
2014M12;36468.0;0.0;0.0;4129.0;6.0;757.0;1335.0;107.0;197.0;1727.0
2015M01;47269.0;0.0;0.0;7708.0;120.0;1552.0;2282.0;177.0;321.0;3256.0
2015M02;42464.0;0.0;0.0;7242.0;239.0;1552.0;2024.0;181.0;269.0;2977.0
2015M03;38987.0;0.0;0.0;5609.0;100.0;1184.0;1722.0;119.0;225.0;2259.0
2015M04;33686.0;0.0;0.0;4164.0;17.0;816.0;1277.0;93.0;177.0;1784.0
2015M05;32706.0;0.0;0.0;3632.0;1.0;693.0;1157.0;69.0;145.0;1567.0
2015M06;31078.0;0.0;0.0;3244.0;2.0;619.0;1032.0;59.0;152.0;1380.0
2015M07;35628.0;0.0;0.0;3872.0;0.0;675.0;1118.0;74.0;191.0;1814.0
2015M08;31220.0;0.0;0.0;2958.0;1.0;535.0;958.0;66.0;125.0;1273.0
2015M09;28863.0;0.0;0.0;2633.0;0.0;489.0;791.0;56.0;143.0;1154.0
2015M10;31898.0;0.0;0.0;3235.0;0.0;598.0;989.0;78.0;145.0;1425.0
2015M11;32346.0;0.0;0.0;3360.0;2.0;664.0;965.0;66.0;171.0;1492.0
2015M12;36423.0;0.0;0.0;4191.0;5.0;832.0;1315.0;96.0;165.0;1778.0
2016M01;38334.0;0.0;0.0;5047.0;30.0;1031.0;1538.0;129.0;228.0;2091.0
2016M02;35548.0;0.0;0.0;4570.0;130.0;938.0;1306.0;127.0;194.0;1875.0
2016M03;38198.0;0.0;0.0;5102.0;225.0;1007.0;1544.0;135.0;195.0;1996.0
2016M04;33707.0;0.0;0.0;4090.0;128.0;837.0;1228.0;100.0;177.0;1620.0
2016M05;33001.0;0.0;0.0;3412.0;19.0;659.0;1043.0;65.0;146.0;1480.0
2016M06;31512.0;0.0;0.0;3218.0;3.0;570.0;988.0;70.0;145.0;1442.0
2016M07;32961.0;0.0;0.0;3379.0;2.0;632.0;1025.0;78.0;162.0;1480.0
2016M08;32248.0;0.0;0.0;3175.0;2.0;574.0;955.0;57.0;158.0;1429.0
2016M09;30095.0;0.0;0.0;2801.0;1.0;534.0;854.0;40.0;134.0;1238.0
2016M10;32060.0;0.0;0.0;3275.0;1.0;624.0;956.0;60.0;164.0;1470.0
2016M11;33759.0;0.0;0.0;3663.0;10.0;719.0;1127.0;67.0;171.0;1569.0
2016M12;39188.0;0.0;0.0;5080.0;96.0;1035.0;1463.0;116.0;200.0;2170.0
2017M01;49370.0;0.0;0.0;8986.0;744.0;1848.0;2215.0;205.0;295.0;3679.0
2017M02;37434.0;0.0;0.0;5555.0;226.0;1172.0;1494.0;137.0;202.0;2324.0
2017M03;35779.0;0.0;0.0;4331.0;53.0;842.0;1233.0;99.0;205.0;1899.0
2017M04;33208.0;0.0;0.0;3810.0;7.0;756.0;1133.0;79.0;149.0;1686.0
2017M05;33673.0;0.0;0.0;3727.0;2.0;652.0;1118.0;88.0;151.0;1716.0
2017M06;32236.0;0.0;0.0;3363.0;2.0;602.0;985.0;61.0;142.0;1571.0
2017M07;31924.0;0.0;0.0;2987.0;2.0;578.0;898.0;61.0;144.0;1304.0
2017M08;32356.0;0.0;0.0;3216.0;0.0;626.0;913.0;58.0;133.0;1486.0
2017M09;30049.0;0.0;0.0;2812.0;0.0;507.0;848.0;60.0;126.0;1271.0
2017M10;32680.0;0.0;0.0;3404.0;1.0;716.0;952.0;75.0;131.0;1529.0
2017M11;34149.0;0.0;0.0;3630.0;5.0;734.0;1023.0;64.0;129.0;1675.0
2017M12;41665.0;0.0;0.0;5794.0;133.0;1189.0;1556.0;131.0;218.0;2567.0
2018M01;47911.0;0.0;0.0;9104.0;980.0;1797.0;1969.0;184.0;263.0;3911.0
2018M02;39756.0;0.0;0.0;6455.0;513.0;1316.0;1586.0;144.0;205.0;2691.0
2018M03;39772.0;0.0;0.0;5738.0;255.0;1176.0;1433.0;133.0;204.0;2537.0
2018M04;34956.0;0.0;0.0;4569.0;57.0;907.0;1131.0;99.0;210.0;2165.0
2018M05;33421.0;0.0;0.0;3778.0;10.0;761.0;982.0;91.0;145.0;1789.0
2018M06;31970.0;0.0;0.0;3363.0;4.0;590.0;906.0;64.0;166.0;1633.0
2018M07;32215.0;0.0;0.0;3152.0;1.0;583.0;867.0;59.0;167.0;1475.0
2018M08;33177.0;0.0;0.0;3247.0;1.0;558.0;860.0;70.0;149.0;1609.0
2018M09;30293.0;0.0;0.0;2888.0;1.0;517.0;789.0;58.0;126.0;1397.0
2018M10;32879.0;0.0;0.0;3255.0;1.0;633.0;869.0;55.0;144.0;1553.0
2018M11;34338.0;0.0;0.0;3720.0;7.0;724.0;956.0;72.0;174.0;1787.0
2018M12;37033.0;0.0;0.0;4418.0;22.0;853.0;1148.0;82.0;195.0;2118.0
2019M01;44615.0;0.0;0.0;6771.0;418.0;1344.0;1691.0;130.0;251.0;2937.0
2019M02;37737.0;0.0;0.0;5878.0;634.0;1168.0;1418.0;126.0;210.0;2322.0
2019M03;37058.0;0.0;0.0;4812.0;290.0;986.0;1256.0;102.0;215.0;1963.0
2019M04;34201.0;0.0;0.0;3901.0;59.0;762.0;1122.0;87.0;153.0;1718.0
2019M05;33866.0;0.0;0.0;3675.0;17.0;706.0;1058.0;81.0;181.0;1632.0
2019M06;31873.0;0.0;0.0;3184.0;3.0;613.0;968.0;55.0;150.0;1395.0
2019M07;33551.0;0.0;0.0;3200.0;0.0;591.0;911.0;63.0;154.0;1481.0
2019M08;31671.0;0.0;0.0;2697.0;0.0;509.0;755.0;63.0;150.0;1220.0
2019M09;29916.0;0.0;0.0;2649.0;2.0;518.0;713.0;62.0;155.0;1199.0
2019M10;32770.0;0.0;0.0;3077.0;3.0;611.0;810.0;52.0;181.0;1420.0
2019M11;34706.0;0.0;0.0;3552.0;6.0;711.0;954.0;74.0;156.0;1651.0
2019M12;36739.0;0.0;0.0;4285.0;27.0;865.0;1159.0;98.0;215.0;1921.0
2020M01;43093.0;0.0;0.0;6112.0;312.0;1308.0;1510.0;136.0;216.0;2630.0
2020M02;36623.0;0.0;0.0;5028.0;362.0;1068.0;1257.0;91.0;191.0;2059.0
2020M03;58204.0;11313.0;4217.0;6115.0;188.0;1323.0;1670.0;161.0;323.0;2450.0
2020M04;61025.0;18252.0;8236.0;3580.0;23.0;721.0;1023.0;98.0;198.0;1517.0
2020M05;35073.0;3219.0;751.0;2463.0;1.0;534.0;716.0;52.0;119.0;1041.0
2020M06;30755.0;528.0;146.0;2342.0;1.0;445.0;705.0;46.0;118.0;1027.0
2020M07;34768.0;329.0;219.0;2838.0;3.0;550.0;785.0;46.0;162.0;1292.0
2020M08;36038.0;1281.0;223.0;2969.0;1.0;612.0;865.0;55.0;147.0;1289.0
2020M09;34568.0;3455.0;182.0;2585.0;0.0;528.0;765.0;63.0;123.0;1106.0
2020M10;39720.0;5905.0;182.0;2775.0;0.0;601.0;777.0;73.0;149.0;1175.0
2020M11;42264.0;9891.0;198.0;2687.0;0.0;509.0;834.0;60.0;127.0;1157.0
2020M12;41645.0;6185.0;127.0;2929.0;3.0;569.0;879.0;67.0;166.0;1245.0
